{"type":"FeatureCollection","features":[{"type":"Feature","id":0,"geometry":{"type":"Polygon","coordinates":[[[111.00287300068851,-7.8391710001415049],[111.00242100052878,-7.839286000048844],[111.0020530006455,-7.839353999587388],[111.00170500078519,-7.8393109994030397],[111.00135800007172,-7.8392249999337764],[111.00092400074209,-7.8390079998192732],[111.00044699942953,-7.8387489995666328],[111.00000000039978,-7.8386309995209444],[110.99933400026396,-7.8389460005574279],[110.99892300019638,-7.8392939995184179],[110.99883600068097,-7.8393599998640298],[110.99832100031398,-7.8397950001390768],[110.99799099948513,-7.8401179988464946],[110.99752508771269,-7.8405762519923883],[110.99750579905344,-7.840595222291654],[110.99732200011027,-7.8407759995127435],[110.99678500052744,-7.8412580001565289],[110.99629800055237,-7.8416200006624308],[110.99590600046162,-7.8421050005453026],[110.9947710002815,-7.8433599999639796],[110.9945660007204,-7.8437440005851045],[110.99435800012168,-7.8446579995670049],[110.99434100023706,-7.8448409990128312],[110.99453400014403,-7.8452930000718766],[110.99466599993599,-7.845559000647313],[110.99470599998199,-7.845751000508244],[110.99468499991286,-7.8459509998387489],[110.99454600069743,-7.8462459999528846],[110.99417700076805,-7.8468009994664953],[110.9939900002384,-7.8470429998345139],[110.99386642349668,-7.847137245187696],[110.993861196637,-7.8471412336809294],[110.9937992873073,-7.8473440182117997],[110.993559274441,-7.8477078002746907],[110.99329526046796,-7.848014142638533],[110.99292084392187,-7.8482391080483467],[110.99237362354393,-7.8483779112115712],[110.99196080774516,-7.8484640635656433],[110.99155759130986,-7.8485454279290821],[110.99106095060245,-7.8485508769213652],[110.99090476264473,-7.8488565465922875],[110.99082315366564,-7.8491868235130369],[110.9907367441055,-7.8494453012596068],[110.99041033157158,-7.8494788001065103],[110.99026152165197,-7.8497037700129226],[110.99028551556415,-7.849962249558132],[110.99058792249468,-7.8501345758499497],[110.99056871927104,-7.8502686009151716],[110.9905159074832,-7.8506515322423525],[110.99033124878815,-7.8508351585156788],[110.99007908698036,-7.8508046948807078],[110.98987268447689,-7.8506227971043359],[110.98975748941666,-7.8502015690471012],[110.98981510898017,-7.8494883598998513],[110.99000713312273,-7.8487751534505037],[110.98982953860241,-7.848325204644425],[110.98935912122653,-7.8483204058620117],[110.98884011977577,-7.8486619189123985],[110.98842547295726,-7.8489394550917382],[110.98813745248151,-7.8493223792243612],[110.98774702800301,-7.8496670075263069],[110.98708779166833,-7.850062683146291],[110.98647976273094,-7.8502541299241102],[110.98575013106375,-7.8503306919078568],[110.98463648708429,-7.8503561822919323],[110.98378772942021,-7.8504822060888841],[110.98328602642903,-7.8505539791827346],[110.98256917952409,-7.8510134679971202],[110.98182673521569,-7.8513389290482678],[110.98102668303505,-7.8517537359460903],[110.98017542975236,-7.8521493935796229],[110.97915137263777,-7.8524237785345008],[110.97845373255376,-7.8525832975810772],[110.97809685368691,-7.8528418391794617],[110.97740404655957,-7.8533299606091305],[110.9765271814843,-7.8537766655606447],[110.97591274667599,-7.8538787476060747],[110.97511910126559,-7.8540127259065002],[110.97428704491125,-7.8542871108614349],[110.97355100377587,-7.8543700328506816],[110.97273176545866,-7.8543508350229558],[110.97204693711649,-7.8542805844813302],[110.97051619656526,-7.854286863547884],[110.96931612593852,-7.8544622880041288],[110.96886812416466,-7.8541910111062521],[110.96753283147507,-7.8522810624210706],[110.96749999992511,-7.8526940005276629],[110.96665000029736,-7.8532910001794676],[110.96606000006904,-7.8537529990016424],[110.96531500078675,-7.8547859998739682],[110.96417000014543,-7.8563669999370518],[110.96403799945415,-7.8569290006727783],[110.96413400028393,-7.8585879998362884],[110.96416499991489,-7.8587130002047729],[110.96461100069718,-7.8586070007124817],[110.96513400053374,-7.8586070007124817],[110.96560700076253,-7.8586820005738218],[110.96600500023061,-7.8587810006426366],[110.96662800018214,-7.859078999995802],[110.96714999997261,-7.8595249998787722],[110.96762300020134,-7.8601199994383819],[110.96779800017765,-7.8603680000830991],[110.96802200061489,-7.8606910005891564],[110.96829500061386,-7.8608150000121668],[110.96879300019685,-7.8607400001508267],[110.96986400012355,-7.8602690000142843],[110.97033699945302,-7.8601450005912739],[110.97056100078964,-7.8602199995532942],[110.9711079999343,-7.8606910005891564],[110.97170600053158,-7.8622289995686288],[110.97222799942267,-7.863022000165131],[110.97272600080436,-7.8639649995849936],[110.97314900052601,-7.8649820006187952],[110.97337300006399,-7.8660479994155708],[110.97394900054599,-7.8663860006133746],[110.97452000079744,-7.8665359994367918],[110.97500200054196,-7.8663860006133746],[110.97525266228058,-7.8662359370388231],[110.97545823830711,-7.8662230119823562],[110.97620600030672,-7.8661759999224046],[110.97680700014303,-7.8668060001967319],[110.97767999993209,-7.867256000264149],[110.97801099990778,-7.8672859998489457],[110.97843200043656,-7.8674359995716827],[110.97924500015671,-7.8677959999853897],[110.97978699997014,-7.8678259995701865],[110.98065900061243,-7.867856000054303],[110.98126100049484,-7.8679760001921863],[110.98174300023931,-7.8683650001445926],[110.98162200005532,-7.8687850006272129],[110.98087000045024,-7.8697149994476376],[110.9797260007544,-7.8704040006440437],[110.97912500001877,-7.8707340005736341],[110.97900400073411,-7.871424000017555],[110.97918500008774,-7.8722029999684082],[110.97960368126496,-7.8724641325136417],[110.97966600068543,-7.8725029994138254],[110.98015733179551,-7.8724822691413578],[110.98075219645676,-7.8720587244305307],[110.98109959826792,-7.8714924141435745],[110.98140892817958,-7.871225913545004],[110.98202758800284,-7.8710355576448023],[110.9823591824304,-7.8709921950337502],[110.98264624692683,-7.8709546555328984],[110.98286515720133,-7.8714115120316137],[110.9830507565872,-7.8719635464804583],[110.98312466916821,-7.8722559124803411],[110.98326490764941,-7.872810635002736],[110.98365038046074,-7.8736767585755274],[110.98383236547136,-7.873727045067028],[110.98388728167276,-7.8737422175292409],[110.98437373665865,-7.8738766329002488],[110.98490800320184,-7.8736095576349499],[110.98508179808658,-7.8735226786286603],[110.98561105540597,-7.8733579111386689],[110.98601080495473,-7.8729486440646497],[110.98644862640305,-7.8725774479908068],[110.98662946567737,-7.8724673979519935],[110.9867963025074,-7.8724893845773636],[110.98701315423375,-7.8725179614347098],[110.98705591339973,-7.8725756826216298],[110.9874910000097,-7.8731630001722692],[110.98750571741499,-7.8732056864931792],[110.98753624310319,-7.8732942274465927],[110.98812400042232,-7.8749989994042267],[110.98812433497017,-7.8750016011429125],[110.98817299998404,-7.8753799998870591],[110.98832200055995,-7.8755530006703793],[110.98854400000567,-7.8756510006930966],[110.98901400009606,-7.8756020002321065],[110.98958200020923,-7.8753309994260121],[110.98997800048437,-7.8751340002338566],[110.99039800006773,-7.8751100000264387],[110.9909920004805,-7.8751340002338566],[110.99128800064079,-7.8754540006016214],[110.99170800022409,-7.8761440000455423],[110.99217800031454,-7.8769070001578712],[110.99254899943685,-7.8774489999713069],[110.99309300024186,-7.8781879998762747],[110.99353800007873,-7.8788529999659431],[110.99400700012302,-7.8794930007013591],[110.99447700021346,-7.880084000076522],[110.99487300048867,-7.8803800002367552],[110.99539200014078,-7.88070000060452],[110.99618300064503,-7.8809959998654335],[110.99675200080424,-7.8811919999108113],[110.99734500027159,-7.8812909999796261],[110.99783900056946,-7.881241999518636],[110.99833400001415,-7.8810690005338984],[110.9989759999425,-7.8806510001434731],[110.99942100067869,-7.8804049995910077],[111.00000000039978,-7.8801119995690669],[111.00065000069702,-7.8799079991547956],[111.00071099991277,-7.8794900005630097],[111.00067000071999,-7.8792180006101944],[111.00075600018931,-7.8789879998962533],[111.00078899991246,-7.8789050005652825],[111.00093499945075,-7.8787339998741572],[111.00129699995665,-7.8783900001982943],[111.00161400018601,-7.8781840005910908],[111.00176100066972,-7.8780770001533824],[111.0017270000011,-7.8779159999234025],[111.0017020006469,-7.877648000155034],[111.00174800007022,-7.8773309999256753],[111.00179200030061,-7.8768600006884526],[111.00170900007038,-7.8767800005965114],[111.00142199942582,-7.8765689998593871],[111.00139700007156,-7.876397000021484],[111.0014490006709,-7.8762420000682027],[111.00090249975062,-7.8750001334493618],[111.00090200062687,-7.8749989994042267],[111.00088300065005,-7.8748829994507901],[111.00093000011947,-7.8747720006272743],[111.0010880002111,-7.8746959998204602],[111.00192999946995,-7.8739359998464806],[111.00211200066838,-7.87324599950324],[111.00223299995304,-7.8728469999890081],[111.00231199999888,-7.8726140000360374],[111.00243100009067,-7.8722709995069522],[111.00252700002108,-7.872088000061126],[111.00274300008942,-7.8718090006847774],[111.00292100020408,-7.8716649994400996],[111.00309000080296,-7.8713169995798467],[111.00355300057061,-7.8712059998569543],[111.00409800052239,-7.8710799994423724],[111.00501900072635,-7.8709519998348583],[111.0050910004494,-7.8709190001117122],[111.00520800044893,-7.8708659985669556],[111.00569299943243,-7.8705800006664504],[111.00655400046679,-7.8699950006687232],[111.00646399991371,-7.8695770002782979],[111.00638400072114,-7.8694409994025705],[111.0060800001919,-7.8690989998189593],[111.00572800014714,-7.8686999994054077],[111.00526399943408,-7.8681980005372338],[111.00480100056581,-7.8676369998476048],[111.00455200077425,-7.8673059998719737],[111.00443200063637,-7.8671060005414688],[111.00424099992227,-7.8668779999197227],[111.00402400070715,-7.8665559994597629],[111.00384800068474,-7.86619699999153],[111.00369599997049,-7.8658300001543466],[111.00359899999393,-7.8655590002476288],[111.0035190008013,-7.8651609998801746],[111.00349500059389,-7.8647699998355733],[111.00354799944068,-7.8644260001597104],[111.00357400063967,-7.8643400006904471],[111.0035540006167,-7.8641700000454193],[111.00343600057101,-7.8639629985934789],[111.00328900008736,-7.8638520006692261],[111.00310500059538,-7.8636709995169554],[111.00310300050313,-7.8635529994713238],[111.0031520000648,-7.8630900006029947],[111.0029800002269,-7.8626590005123944],[111.00310999992661,-7.8625479989909195],[111.00331600043313,-7.8623319989225706],[111.00336800013315,-7.8621550006527059],[111.00331600043313,-7.8620109994080281],[111.00322900001839,-7.8617529992014852],[111.00325500031806,-7.8617170002393095],[111.00334399992573,-7.8615970001014261],[111.00349400054773,-7.8615030002632125],[111.00360600031672,-7.8613610000101062],[111.00344400004064,-7.8611600006335038],[111.00325100013362,-7.8608839995968651],[111.00329900054851,-7.8608090006348448],[111.00353000040923,-7.8606520005893117],[111.00366499944022,-7.8604899994139146],[111.00367800003971,-7.8603590005673709],[111.00374800056983,-7.8602550002680118],[111.00388300050014,-7.8601709999916238],[111.00409399943857,-7.8600290006378373],[111.00412800010719,-7.8599279995774509],[111.00412200072981,-7.8597309994859756],[111.00405800047639,-7.859569000109218],[111.0039750002461,-7.8593240005021698],[111.00400200059192,-7.8591839994419956],[111.00410200070684,-7.8591269995113748],[111.00426800026804,-7.8591100005260728],[111.00444800047489,-7.8590640002033751],[111.00446700045177,-7.8589770006879576],[111.00444400029045,-7.8587849999277637],[111.00441699994468,-7.8584960000902697],[111.00448000015194,-7.8583649994451434],[111.00459700015148,-7.8582369998376294],[111.0050490003112,-7.8581809990538432],[111.00516500026464,-7.85814800022996],[111.00532299945689,-7.8581899994688342],[111.00555699945602,-7.8583279995374937],[111.00568100067773,-7.858340000090891],[111.00581600060798,-7.8582840002064245],[111.0058599999391,-7.8581789998609111],[111.00592200010027,-7.8580310002304259],[111.0060870005147,-7.8579009996313971],[111.00642700000611,-7.8575990000937281],[111.00655199947528,-7.8572719994032241],[111.00693199991196,-7.8564759995676923],[111.00722800007219,-7.8558219999852668],[111.00727000021038,-7.8557980006771686],[111.00738300002547,-7.8556100001013647],[111.00794500076125,-7.8548400005655026],[111.00798499990788,-7.8546409994825126],[111.00808700011504,-7.8538709999466505],[111.00833699995263,-7.8535730005934283],[111.00828799949164,-7.8534280002019727],[111.00795900050753,-7.8525939995134308],[111.00798300071494,-7.8522960001602087],[111.00804399993069,-7.8520820001841116],[111.00825000043722,-7.8517459999778794],[111.00844299944492,-7.8514129999099964],[111.00844399949102,-7.8512129996801718],[111.00830599942242,-7.8509339994045035],[111.00823000041424,-7.8507970002813181],[111.00824400016052,-7.8506829995207568],[111.00831799997576,-7.850583999451942],[111.00849900022877,-7.8504520005593577],[111.00806800013817,-7.8499370001923694],[111.00789400020801,-7.8498329998930103],[111.00792600078438,-7.8497559999394184],[111.00804300078391,-7.8492859998489735],[111.00808500002279,-7.8489269994814208],[111.00802399990772,-7.8487180006351878],[111.00788000046174,-7.8484859998289949],[111.00772600055456,-7.8481299995997347],[111.00763399990922,-7.8479960006148985],[111.00734700016397,-7.8476530000858133],[111.00711200011875,-7.8473440002254051],[111.00696506978221,-7.8471403748283706],[111.00680100016609,-7.8469130001348049],[111.0066532766275,-7.8466353704259859],[111.00654400000565,-7.8464299994448652],[111.00630899996042,-7.8458639994240116],[111.00620200042204,-7.8454859999788482],[111.00603400076858,-7.8448509994739766],[111.00594500026159,-7.8443610002598803],[111.0058380007232,-7.8439449999617068],[111.00567200026268,-7.8433940006325997],[111.00542900074782,-7.8427970000814184],[111.00525499991835,-7.8423890001521954],[111.00510300010342,-7.8419659995312259],[111.00504999945798,-7.8415890001322168],[111.00495900065744,-7.8411659995112473],[111.00486000058862,-7.8408560005039476],[111.00465600017435,-7.8404480005747246],[111.00442800045192,-7.8401309985467265],[111.00411000017641,-7.8396929999319696],[111.00382199948575,-7.8393760006018738],[111.00344299999449,-7.839216999564826],[111.00322300064101,-7.8391869999800292],[111.00287300068851,-7.8391710001415049]]]},"properties":{"FID":0,"OBJECTID_1":17361,"NAMOBJ":"Gedong","FCODE":"BA03070040","REMARK":"Wilayah Administrasi Kelurahan/Desa","METADATA":"TASWIL1000020221227_DATA_BATAS_DESAKELURAHAN","SRS_ID":"SRGI 2013","KDBBPS":"3312","KDCBPS":"3312150","KDCPUM":"33.12.13","KDEBPS":"3312150001","KDEPUM":"33.12.13.2003","KDPBPS":"33","KDPKAB":"33.12","KDPPUM":"33","LUASWH":0,"TIPADM":1,"WADMKC":"Ngadirojo","WADMKD":"Gedong","WADMKK":"Wonogiri","WADMPR":"Jawa Tengah","WIADKC":" ","WIADKK":" ","WIADPR":" ","WIADKD":" ","UUPP":"Hasil Delineasi Batas Desa 2017","LUAS":11.255740250000001,"SIGCODE":15762,"Shape_Leng":0.16632570268999999,"Shape_Area":0.00092286751829299995}},{"type":"Feature","id":1,"geometry":{"type":"Polygon","coordinates":[[[111.02824200056796,-7.8667450000816643],[111.02821016366818,-7.8666247859051168],[111.02817276176359,-7.8666458282423264],[111.02810939912951,-7.8666802965583997],[111.02804315326898,-7.8666716846504983],[111.02798122595289,-7.8666458408328594],[111.02794522159473,-7.8666056348421307],[111.02791065345394,-7.8665352745832138],[111.02788328618476,-7.8664534245858135],[111.02785591711694,-7.8663500340268229],[111.02784151177639,-7.86628541593916],[111.02779613918057,-7.8661576150818178],[111.0277702135246,-7.8660915616761713],[111.0277370851984,-7.8660039686081973],[111.02770683650135,-7.8659077582364034],[111.02768811171705,-7.8658618082757812],[111.02767082854598,-7.8658244729210196],[111.02765354447558,-7.8657914462182248],[111.02763338077597,-7.8657512402274961],[111.02760457549084,-7.8657124695548077],[111.02756857023337,-7.8656794446505955],[111.02751096415972,-7.8656464206457599],[111.02747783943079,-7.865627753418039],[111.02742599531348,-7.8656162699748506],[111.02736839013915,-7.8655976054450889],[111.02728918324925,-7.8655818151486301],[111.02721141797264,-7.8655961800196224],[111.0271696561548,-7.8656205948145725],[111.02715093766568,-7.8656493155634166],[111.02713653951974,-7.8656938320046947],[111.02712646621353,-7.8657233009894867],[111.02711494140146,-7.8657570165730135],[111.02709130452013,-7.8658231940850669],[111.02706442378417,-7.8658385131368505],[111.02702794278537,-7.865863405471714],[111.0269991401982,-7.8658748961095171],[111.02695305803724,-7.8658902160605635],[111.0269088941302,-7.8658940480718229],[111.0268397704391,-7.8659112844781589],[111.02678792722111,-7.8659170320453313],[111.02673224299866,-7.86591703654193],[111.02668807999095,-7.8659323555937135],[111.02663051348748,-7.8659480145891507],[111.02662507258907,-7.8659494948732345],[111.02657479419145,-7.8659706559209894],[111.02652871203048,-7.8659955500545493],[111.02648263076884,-7.8660242726020329],[111.02644806892329,-7.8660510795936034],[111.02641926903408,-7.8660855452117175],[111.02641543252628,-7.8661295832136489],[111.02641735527681,-7.8661697901036973],[111.02642695823761,-7.8662119125496588],[111.02644808241314,-7.8662482892271441],[111.0264672865361,-7.8662942400870861],[111.0264845706065,-7.8663267874512144],[111.02650761573392,-7.8663803969377],[111.02652681895756,-7.8664282615549723],[111.02657290741382,-7.8664876141120317],[111.02662238001886,-7.8665266338969673],[111.02670348267964,-7.8665699362534838],[111.02674380648153,-7.8665929085358357],[111.0267898931391,-7.8666292852133211],[111.02683021694099,-7.8666560877082361],[111.02687630359861,-7.8666886341731015],[111.02692430940942,-7.86672118063791],[111.02696271405807,-7.8667518115468056],[111.02697231701887,-7.8667881900229304],[111.02696464040588,-7.8668398866514053],[111.02693008125829,-7.8669069005329675],[111.02690320322029,-7.8669681722433324],[111.02687248507721,-7.867027527498351],[111.02682062207413,-7.8671377556028688],[111.02677975508169,-7.8672352744882801],[111.02675191656778,-7.8672840995814681],[111.02672503763046,-7.8673329255740327],[111.02668855753097,-7.8673827084451773],[111.02666263727093,-7.8674219611545482],[111.02662231706631,-7.8674593001065887],[111.0265942833995,-7.8674922395751423],[111.02654935506877,-7.8675282322420799],[111.02649338396259,-7.8675482205738945],[111.02644658144465,-7.8675554025597307],[111.02638897447167,-7.8675302755017924],[111.02634576924191,-7.8675015592494901],[111.02631336576928,-7.8674764312922321],[111.02629176045644,-7.8674369429605235],[111.02626957328226,-7.8673767396447829],[111.02627375243179,-7.8673148851737551],[111.02627014794905,-7.8672682148562103],[111.02627014345239,-7.8671748760196465],[111.02627014075443,-7.8671353858892985],[111.02624133456999,-7.8670707687009553],[111.02619812754159,-7.8670133316998658],[111.02616932225646,-7.8669738424687807],[111.02611891705442,-7.8669558955980392],[111.0260613127794,-7.866948719907441],[111.02600730759121,-7.8669379532238963],[111.02594250244459,-7.8669379568211752],[111.02584889561012,-7.8669487324979741],[111.02574808880331,-7.8669595090740359],[111.02563288025328,-7.8669774658373512],[111.02551047263029,-7.8670061928814334],[111.02522499993387,-7.8670890006567902],[111.02491682744972,-7.8671407215670115],[111.02465300053558,-7.8671850005872557],[111.02441599410292,-7.8672562241953301],[111.02426700072158,-7.8673010005406923],[111.02411399996117,-7.867351000148517],[111.0240990001688,-7.8673620006557599],[111.0240669375392,-7.8673883382011809],[111.02390837357262,-7.86747226653182],[111.0238594117825,-7.8674981175440166],[111.0238003676929,-7.8675225332382865],[111.0237571651611,-7.8675483842504832],[111.02369092199854,-7.8675814145506138],[111.02362899917904,-7.8676101388967368],[111.02357427543251,-7.8676374261262936],[111.02350083229766,-7.8676661495730968],[111.02344610945045,-7.8676948721205804],[111.02337698575934,-7.867717851597547],[111.02332514254135,-7.8677379595391699],[111.02324737816406,-7.8677824795777269],[111.02319265621617,-7.8678363318811648],[111.02316673775482,-7.8678808492217627],[111.02314657945112,-7.8679512139772783],[111.02314946267762,-7.8680072165597608],[111.02318114849129,-7.8680833225872107],[111.02324016919852,-7.8682106620923378],[111.02331437226053,-7.8683030224664776],[111.02336838194532,-7.8684035405908617],[111.02341519255714,-7.8685004668230363],[111.0234584022835,-7.8686189345161779],[111.02349441023892,-7.8687122715540454],[111.02350400060919,-7.8688340001888832],[111.02351500021717,-7.8689500001423198],[111.02344200044803,-7.8690750005108043],[111.02300900026523,-7.8692759998874635],[111.02262200040508,-7.8694150000022205],[111.02226600017582,-7.8694650005093081],[111.02210599999199,-7.8694390002096384],[111.02197798149871,-7.869350371122664],[111.02195650928553,-7.8692185422019065],[111.02195170600646,-7.8691563154116011],[111.02194450153758,-7.8690749429542279],[111.02193729616937,-7.8689911765015381],[111.02193009259975,-7.8689193782266784],[111.02192288723154,-7.868847579052499],[111.02189648043827,-7.8687781738735794],[111.02187487602475,-7.8687159488819134],[111.02185327340987,-7.8686800506437748],[111.02180526669974,-7.8686321860265025],[111.02176206147004,-7.8686058619709343],[111.02170205510583,-7.868581931910569],[111.02163724905984,-7.8685771475172714],[111.02156524394093,-7.8685771520139269],[111.02148123646992,-7.8685843366977224],[111.02141643312194,-7.8686154532405226],[111.02135643125433,-7.8686681085463306],[111.02132283258271,-7.8687351242265322],[111.02130603414622,-7.8688045312040913],[111.02129700045629,-7.8689249998888045],[111.02131352010292,-7.868997562587424],[111.02139245359893,-7.8690462518829918],[111.0214236564766,-7.8690749699338767],[111.02147166408611,-7.8691180474598923],[111.02149566968944,-7.8691778784562985],[111.02152207558339,-7.8692568578176747],[111.02151727859956,-7.8693262638959141],[111.02151488100702,-7.8693765234077659],[111.02147648265361,-7.869467471846292],[111.02142128046779,-7.8695344875265505],[111.02137567944413,-7.8695679971652908],[111.02131327548733,-7.8696206524710988],[111.02120046992582,-7.869692458839836],[111.0211212666332,-7.8697451159442835],[111.02105886357577,-7.8697953790534712],[111.0209820596744,-7.8698336766827879],[111.02089085313042,-7.8698791536000385],[111.02074653892168,-7.8699293654478311],[111.02067243748309,-7.8699389971869209],[111.02060763413505,-7.8699748999216581],[111.0205270944499,-7.8700278735874463],[111.02043057201337,-7.8699805746437619],[111.01955600020932,-7.8695520000247257],[111.01902700009606,-7.8691609999801244],[111.01861100069721,-7.8687789985518748],[111.01839899991398,-7.868540000120845],[111.01816000058363,-7.8684199999829616],[111.01804799991532,-7.8683019999372732],[111.01768300017039,-7.8679969984626723],[111.01713100079513,-7.8675589998479154],[111.01661900056649,-7.867120999434519],[111.01633900024473,-7.8668499995278012],[111.01582700001609,-7.8664189994372009],[111.01542300027131,-7.8660750006607145],[111.01509800057232,-7.8657579995319793],[111.01460200018221,-7.8652630000873387],[111.0142530002758,-7.8649120000886796],[111.0134939994486,-7.8639390001846436],[111.01341000007153,-7.8637639984097518],[111.01328300051011,-7.8636409990328389],[111.01308100018809,-7.8635419998633438],[111.0126359994519,-7.8633050006252461],[111.01255100002868,-7.86316299947282],[111.01252100044388,-7.8629899995887627],[111.01255700030538,-7.8628870002348208],[111.01256400062817,-7.8627850000276567],[111.01248700067458,-7.8626669999820251],[111.01233900014478,-7.8625140001209388],[111.01203400046882,-7.8627970005810539],[111.01182500072326,-7.8631039994499474],[111.01163900023971,-7.8633769994489171],[111.01151800005573,-7.8635539995174213],[111.01138300012542,-7.8636489994017325],[111.01108100058775,-7.8636360006008772],[111.01103900044956,-7.8636350005547797],[111.01105300019589,-7.8636009998862164],[111.01096200049597,-7.8634849999327798],[111.01024799994531,-7.8624229995217547],[111.01017300008397,-7.862312000698239],[111.00994499946222,-7.8620460001227457],[111.00955499946372,-7.8615909998247275],[111.00932099946459,-7.8611739994804566],[111.00925299992605,-7.8609270006804763],[111.00927600008737,-7.8604090001751956],[111.00945300015587,-7.8587590005274137],[111.00945500024812,-7.8587240007120158],[111.0094750002711,-7.8583790000907356],[111.00945699944106,-7.8579010005307168],[111.00945300015587,-7.8573360005559607],[111.00954200066286,-7.8571749994266611],[111.00923700008752,-7.8570029995887012],[111.008835000435,-7.8567659994512837],[111.00832599944539,-7.8563490000062757],[111.0077950001392,-7.8559829984166072],[111.00757000055512,-7.8558260001697136],[111.00753699993265,-7.8557929995472477],[111.00753500073978,-7.8557919995011503],[111.00749400064768,-7.855742999939423],[111.00745300055559,-7.8557409998472281],[111.00727000021038,-7.8557980006771686],[111.00722800007219,-7.8558219999852668],[111.00693199991196,-7.8564759995676923],[111.00655199947528,-7.8572719994032241],[111.00642700000611,-7.8575990000937281],[111.0060870005147,-7.8579009996313971],[111.00592200010027,-7.8580310002304259],[111.0058599999391,-7.8581789998609111],[111.00581600060798,-7.8582840002064245],[111.00568100067773,-7.858340000090891],[111.00555699945602,-7.8583279995374937],[111.00532299945689,-7.8581899994688342],[111.00516500026464,-7.85814800022996],[111.0050490003112,-7.8581809990538432],[111.00459700015148,-7.8582369998376294],[111.00448000015194,-7.8583649994451434],[111.00441699994468,-7.8584960000902697],[111.00444400029045,-7.8587849999277637],[111.00446700045177,-7.8589770006879576],[111.00444800047489,-7.8590640002033751],[111.00426800026804,-7.8591100005260728],[111.00410200070684,-7.8591269995113748],[111.00400200059192,-7.8591839994419956],[111.0039750002461,-7.8593240005021698],[111.00405800047639,-7.859569000109218],[111.00412200072981,-7.8597309994859756],[111.00412800010719,-7.8599279995774509],[111.00409399943857,-7.8600290006378373],[111.00388300050014,-7.8601709999916238],[111.00374800056983,-7.8602550002680118],[111.00367800003971,-7.8603590005673709],[111.00366499944022,-7.8604899994139146],[111.00353000040923,-7.8606520005893117],[111.00329900054851,-7.8608090006348448],[111.00325100013362,-7.8608839995968651],[111.00344400004064,-7.8611600006335038],[111.00360600031672,-7.8613610000101062],[111.00349400054773,-7.8615030002632125],[111.00334399992573,-7.8615970001014261],[111.00325500031806,-7.8617170002393095],[111.00322900001839,-7.8617529992014852],[111.00331600043313,-7.8620109994080281],[111.00336800013315,-7.8621550006527059],[111.00331600043313,-7.8623319989225706],[111.00310999992661,-7.8625479989909195],[111.0029800002269,-7.8626590005123944],[111.0031520000648,-7.8630900006029947],[111.00310300050313,-7.8635529994713238],[111.00310500059538,-7.8636709995169554],[111.00328900008736,-7.8638520006692261],[111.00343600057101,-7.8639629985934789],[111.0035540006167,-7.8641700000454193],[111.00357400063967,-7.8643400006904471],[111.00354799944068,-7.8644260001597104],[111.00349500059389,-7.8647699998355733],[111.0035190008013,-7.8651609998801746],[111.00359899999393,-7.8655590002476288],[111.00369599997049,-7.8658300001543466],[111.00384800068474,-7.86619699999153],[111.00402400070715,-7.8665559994597629],[111.00424099992227,-7.8668779999197227],[111.00443200063637,-7.8671060005414688],[111.00455200077425,-7.8673059998719737],[111.00480100056581,-7.8676369998476048],[111.00526399943408,-7.8681980005372338],[111.00572800014714,-7.8686999994054077],[111.0060800001919,-7.8690989998189593],[111.00638400072114,-7.8694409994025705],[111.00646399991371,-7.8695770002782979],[111.00655400046679,-7.8699950006687232],[111.00569299943243,-7.8705800006664504],[111.00520800044893,-7.8708659985669556],[111.0050910004494,-7.8709190001117122],[111.00501900072635,-7.8709519998348583],[111.00409800052239,-7.8710799994423724],[111.00355300057061,-7.8712059998569543],[111.00309000080296,-7.8713169995798467],[111.00292100020408,-7.8716649994400996],[111.00274300008942,-7.8718090006847774],[111.00252700002108,-7.872088000061126],[111.00243100009067,-7.8722709995069522],[111.00231199999888,-7.8726140000360374],[111.00223299995304,-7.8728469999890081],[111.00211200066838,-7.87324599950324],[111.00192999946995,-7.8739359998464806],[111.0010880002111,-7.8746959998204602],[111.00093000011947,-7.8747720006272743],[111.00088300065005,-7.8748829994507901],[111.00090200062687,-7.8749989994042267],[111.00090249975062,-7.8750001334493618],[111.0014490006709,-7.8762420000682027],[111.00139700007156,-7.876397000021484],[111.00142199942582,-7.8765689998593871],[111.00170900007038,-7.8767800005965114],[111.00179200030061,-7.8768600006884526],[111.00174800007022,-7.8773309999256753],[111.0017020006469,-7.877648000155034],[111.0017270000011,-7.8779159999234025],[111.00176100066972,-7.8780770001533824],[111.00161400018601,-7.8781840005910908],[111.00129699995665,-7.8783900001982943],[111.00093499945075,-7.8787339998741572],[111.00078899991246,-7.8789050005652825],[111.00075600018931,-7.8789879998962533],[111.00067000071999,-7.8792180006101944],[111.00071099991277,-7.8794900005630097],[111.00065000069702,-7.8799079991547956],[111.00100300078793,-7.8798490000312995],[111.00102893004117,-7.8798561154673052],[111.00121799991081,-7.8799080000541153],[111.00137499995634,-7.8800640000534941],[111.00145400000218,-7.8802790000757454],[111.00145400000218,-7.8805130000748704],[111.00137499995634,-7.8810990001186951],[111.00144001914163,-7.8815006328478603],[111.00145400000218,-7.8815870001399162],[111.00216794029825,-7.8818999606146463],[111.00225700016051,-7.8819390001846728],[111.00272767474246,-7.8820424500989361],[111.00298299946593,-7.8820985695932677],[111.00323340399848,-7.8822039098824916],[111.00362417111864,-7.8823682996572302],[111.00369344409722,-7.8823974412888447],[111.00380437097499,-7.8824441062104711],[111.00423593044388,-7.8826256568485178],[111.00439299793857,-7.8826917309385749],[111.00478361577132,-7.8828560586601384],[111.0051199999881,-7.8829975696820611],[111.00547025624741,-7.8831776004658423],[111.00550573630073,-7.8831958396162349],[111.00556009941909,-7.8832237815522035],[111.00572700010105,-7.8833095696808755],[111.00577764991868,-7.8833222312359226],[111.00596300019237,-7.8833685697036913],[111.00648711698693,-7.8834530466207866],[111.00702584866406,-7.8836997540403786],[111.0071236229569,-7.8837445285871013],[111.00734286148395,-7.8838578674465793],[111.0079478839877,-7.8841706435603101],[111.00964301701168,-7.8850469699416408],[111.01010389797659,-7.8852852300292966],[111.00978861904957,-7.8862846034516565],[111.00951246243028,-7.8869054540234629],[111.00896600018081,-7.8881339998841327],[111.00877700045828,-7.8884069998831023],[111.0086510000437,-7.8885770005281302],[111.00852478648977,-7.8887357830299152],[111.00851982942663,-7.8887420216269675],[111.0084339999292,-7.888850000527043],[111.00788846398149,-7.8894888645194214],[111.00788738749299,-7.8894901262682424],[111.00786700076156,-7.8895140005706139],[111.00786774809814,-7.8895166931408198],[111.00787200009279,-7.88953200050139],[111.00787100814057,-7.88953200050139],[111.00786899995444,-7.88953200050139],[111.0078628674774,-7.8895318035498576],[111.00752500027858,-7.8895209999940903],[111.00721100018757,-7.8896079995095079],[111.0066900004432,-7.8900049998308077],[111.00651199942928,-7.8900910001994475],[111.00598000007699,-7.8903360007058154],[111.00579400049281,-7.8904079995294865],[111.00561800047041,-7.8904179999906887],[111.00518300019536,-7.8902599989996816],[111.00513500067979,-7.890238000683155],[111.00474600072744,-7.8902139995763605],[111.00468300052012,-7.8902199998530591],[111.00437300061355,-7.8902550005677767],[111.00428099996822,-7.8902770006829996],[111.00381800020062,-7.8904459994832337],[111.00399300017688,-7.8905639995289221],[111.00446400031342,-7.8909450000116976],[111.00456700056668,-7.8909739995503969],[111.00481700040433,-7.8910969998266296],[111.00502400005763,-7.8913529999409207],[111.00510500019567,-7.8915979995479688],[111.00510348663664,-7.8916960265503349],[111.00510100001122,-7.8918570006999857],[111.00511500065682,-7.892012000653267],[111.00513848195544,-7.8920916617007606],[111.0052220001952,-7.892374999406627],[111.00543999945648,-7.8927969999814991],[111.00559200017074,-7.8929840005111487],[111.00577800065429,-7.8931229988272662],[111.00589622642974,-7.8932181021336874],[111.00645800053638,-7.8936700006699425],[111.00661200044351,-7.8938700000004474],[111.00674300018937,-7.8941329995382716],[111.00675000051217,-7.8943890005518824],[111.00666899947481,-7.8947639998586396],[111.0065329994984,-7.8950360007108316],[111.0065170005592,-7.8950679994885604],[111.00634300062904,-7.8952300006639575],[111.00614700058367,-7.8954340001789092],[111.00609800012268,-7.8955820007087141],[111.00606600044563,-7.8958889995776076],[111.00608299943093,-7.8962469998990628],[111.00618600058351,-7.8964739995753916],[111.00637100012165,-7.8967890006118182],[111.00640599993699,-7.896943000519002],[111.00639800046741,-7.8972219998953506],[111.00627100000673,-7.8974379999636994],[111.00617000074499,-7.8976170001243986],[111.00603499991536,-7.8978389995701264],[111.00598700039978,-7.8979780005842031],[111.00602300026134,-7.8981779999147079],[111.006121000284,-7.8983709998217364],[111.00634699991417,-7.8986710001664733],[111.00647399947553,-7.8989089994507253],[111.00650299991355,-7.8991010002109192],[111.00646300076693,-7.8992170001643558],[111.00636600079036,-7.8993710000715396],[111.00623600019134,-7.8995510002783931],[111.00599599991551,-7.8999719999078479],[111.00631100005268,-7.9003439999755756],[111.00667500065083,-7.9004789999058858],[111.00709000000359,-7.9005800000668955],[111.00781899944735,-7.9007489988671296],[111.00824300011442,-7.9008930001118074],[111.00859099997473,-7.9010359995117483],[111.00913300068748,-7.9013150006866795],[111.009496999487,-7.9015429995097861],[111.00993000056911,-7.901788000016154],[111.0102600004987,-7.901972999554232],[111.01064500026661,-7.9021079994845422],[111.01076800054284,-7.9021620001761335],[111.01090400051925,-7.9022680005677444],[111.0109470007036,-7.9023870006595303],[111.01103500026511,-7.9025569995058618],[111.01111739075503,-7.9027432005382252],[111.0111349994807,-7.9027829991360363],[111.01131910779065,-7.9032436705588793],[111.01133563463191,-7.9032850231852194],[111.01141572015939,-7.9033932880697648],[111.01148800047093,-7.9034909994100531],[111.01147800000973,-7.9037159998934499],[111.01150600040165,-7.903849000630828],[111.01167500010121,-7.9039540000770216],[111.01185700040031,-7.9041739994304976],[111.01186300067701,-7.904196999591818],[111.01190400076911,-7.9044010000060894],[111.01189700044625,-7.9044530006054288],[111.0119290001233,-7.9045710006511172],[111.01202800019212,-7.9046709998667097],[111.01220900044507,-7.904767000696495],[111.01241900023672,-7.9049020006268051],[111.01247000078996,-7.9050080001190395],[111.01250100042091,-7.905049000211136],[111.0125440006052,-7.9051070001878543],[111.01274200074278,-7.9052230001412909],[111.01347399942557,-7.9055270006704745],[111.01386100018505,-7.905691000139484],[111.01432000066757,-7.905939999930979],[111.01456500027462,-7.9062990002985885],[111.01457500073576,-7.9063060006213846],[111.01462499944421,-7.9063450006212292],[111.01466499949021,-7.9064120001136757],[111.01488800078067,-7.9067430000893637],[111.01501499944271,-7.9069359999963353],[111.01509200029562,-7.9071779994650342],[111.01510200075677,-7.907205000710178],[111.01525100043341,-7.9074760006168958],[111.01543200068636,-7.9077939990937125],[111.01570200054692,-7.9081320002915163],[111.01579499943972,-7.9082850001526026],[111.01584000061558,-7.9083589999678452],[111.01606799943869,-7.9087150001970485],[111.01622000015294,-7.9089809998732221],[111.01629600006044,-7.9091630001722706],[111.01639800026754,-7.9095640006780172],[111.01661300028979,-7.9098679994086183],[111.01689799994278,-7.910022000215065],[111.01707200077226,-7.9100829994308128],[111.01737631066828,-7.9102211622767982],[111.01786469469994,-7.9107203525621799],[111.01790106778009,-7.9105044649090814],[111.01821515600471,-7.9096478606601863],[111.0184864149162,-7.9089411599065329],[111.01860776763442,-7.9084486120137854],[111.01871484361521,-7.9078704036961085],[111.01907176205225,-7.9072065331549197],[111.01960000223835,-7.9064284496132018],[111.02014252006131,-7.9058216869212856],[111.0208767004994,-7.9049158618774982],[111.02122100054879,-7.9045489996365745],[111.02156799946368,-7.9041430006988662],[111.02192600068446,-7.9036050001705576],[111.02210300075296,-7.90331899957215],[111.02212912515904,-7.9032432379850093],[111.02214300079891,-7.9032030005180332],[111.02216299992256,-7.9031450005413149],[111.02217199943829,-7.9030639995038996],[111.02217199943829,-7.9028009999661322],[111.02215200031463,-7.9026470000589484],[111.02211200026863,-7.9024579994371038],[111.02185400006209,-7.9021429992999401],[111.02180700059267,-7.9020979999227166],[111.02155100047833,-7.9018520002695709],[111.02142199992539,-7.90174599987796],[111.02137200031763,-7.9016960002701353],[111.02116800080267,-7.9015609985411857],[111.02095300078042,-7.9014230002712225],[111.02083799997376,-7.9012899995337875],[111.02080500025062,-7.9010929985429925],[111.02073300052763,-7.9009559994198071],[111.02083000050419,-7.9002710002064305],[111.02083000050419,-7.8998790001157317],[111.02080799948965,-7.8994400005555576],[111.02073400057373,-7.8991990002336365],[111.02070800027406,-7.8990420001881034],[111.02061100029749,-7.8989199999579682],[111.0205330002978,-7.8988550005577736],[111.0204930002518,-7.8986810006276187],[111.02045300020586,-7.8984840005361434],[111.02043403440325,-7.8982848555615988],[111.02089562043659,-7.8977041552225273],[111.0216879807158,-7.8967833034066643],[111.02273018345124,-7.8955911935786958],[111.02332266940573,-7.8948844946236818],[111.02392229327927,-7.8941777938700284],[111.02399520491485,-7.894091014688513],[111.02457902500208,-7.8933961409190943],[111.02515723421902,-7.8927322712772252],[111.02573544343602,-7.8920541248979248],[111.02605034914438,-7.8916952459388199],[111.02652780371523,-7.8911511201280291],[111.02700607576986,-7.8905800488301452],[111.02762711429995,-7.8898662110567557],[111.02824101491098,-7.8891523714847267],[111.0288049482898,-7.8884813648230647],[111.02917194992563,-7.8880549036108505],[111.02944383296659,-7.8877389735746988],[111.03006487149668,-7.887017996083614],[111.03048015413589,-7.8865262162118484],[111.03087864823107,-7.8860543140552863],[111.03117846061753,-7.885490381575778],[111.03162103947943,-7.8846694678216522],[111.03206361924072,-7.8838628299056381],[111.03252761455781,-7.883006225656743],[111.03298447105658,-7.8821710342657525],[111.03341991199937,-7.8813386982222937],[111.03382347197572,-7.8806708535769872],[111.03399217310039,-7.8803916725375984],[111.03405760867179,-7.8801477781973404],[111.03421822129394,-7.8796599886175613],[111.03450970505889,-7.878773640191298],[111.03483021893953,-7.8778693251092022],[111.0350015406886,-7.8774945605255198],[111.03530135217574,-7.8769341965559079],[111.03542051504479,-7.8766645060620704],[111.03569277400237,-7.8760483238709753],[111.03598068745885,-7.8755545861751557],[111.03609252355119,-7.8753904032444666],[111.03620273366926,-7.8750325755928543],[111.03620435874421,-7.875027299270414],[111.03627574153228,-7.8747955376838945],[111.03643992446302,-7.8742411236289058],[111.03646609743254,-7.8739079985552394],[111.03651606646338,-7.8733178922068987],[111.03652048842986,-7.8732689340140496],[111.03654937915059,-7.8729490766385197],[111.03656841510036,-7.8721626635760344],[111.03657317431259,-7.8716605981580301],[111.03661124621209,-7.871273935543627],[111.03661362491891,-7.8707147622764069],[111.03660022142316,-7.8703672912174625],[111.03656399942906,-7.8701200001378311],[111.03620393876082,-7.8701801782725624],[111.03584146251353,-7.8702407584042362],[111.0347750005659,-7.8704189995371507],[111.03448000045171,-7.8703430005289761],[111.03429200077528,-7.8702980002524896],[111.03423700003759,-7.8702850005523146],[111.03392900022322,-7.8702350000451702],[111.03376600080037,-7.8702200002527434],[111.03365200003981,-7.8702200002527434],[111.03360700066258,-7.8702200002527434],[111.03351100073218,-7.8702170001143941],[111.03345599999449,-7.870213999076725],[111.03333700080202,-7.8702089988461807],[111.03326700027191,-7.8702170001143941],[111.03285800029653,-7.8702039995148994],[111.03280300045816,-7.8701990001836748],[111.03263100062026,-7.8701780001145494],[111.03231200029865,-7.8700689995845892],[111.03201000076098,-7.8699599999540055],[111.03183300069247,-7.869935000599753],[111.031445999933,-7.8699579998617537],[111.0314110001176,-7.8699599999540055],[111.03135300014088,-7.8699630000923548],[111.0309960007649,-7.8699599999540055],[111.03089300051164,-7.8699370006920049],[111.03067700044329,-7.8698890002771122],[111.03048999991364,-7.8697510002084528],[111.03027900007584,-7.8694740000250363],[111.03009700067611,-7.8689629998424948],[111.03003500051494,-7.8687819995895438],[111.02972900079283,-7.8684790000057774],[111.02956700051675,-7.8683070001678743],[111.02950800049388,-7.8682449991073895],[111.02945600079386,-7.8681739994304962],[111.02928400005663,-7.8680779995000307],[111.02906200061091,-7.8679199994084001],[111.02871500079669,-7.8676179998707312],[111.02852999945998,-7.8674129994103623],[111.02833000012947,-7.8670860005184409],[111.02825600031423,-7.8668170007039748],[111.02824873469143,-7.8667796329736461],[111.02824200056796,-7.8667450000816643]]]},"properties":{"FID":1,"OBJECTID_1":17370,"NAMOBJ":"Gemawang","FCODE":"BA03070040","REMARK":"Wilayah Administrasi Kelurahan/Desa","METADATA":"TASWIL1000020221227_DATA_BATAS_DESAKELURAHAN","SRS_ID":"SRGI 2013","KDBBPS":"3312","KDCBPS":"3312150","KDCPUM":"33.12.13","KDEBPS":"3312150002","KDEPUM":"33.12.13.2001","KDPBPS":"33","KDPKAB":"33.12","KDPPUM":"33","LUASWH":0,"TIPADM":1,"WADMKC":"Ngadirojo","WADMKD":"Gemawang","WADMKK":"Wonogiri","WADMPR":"Jawa Tengah","WIADKC":" ","WIADKK":" ","WIADPR":" ","WIADKD":" ","UUPP":"Hasil Delineasi Batas Desa 2017","LUAS":11.811588629999999,"SIGCODE":15771,"Shape_Leng":0.17759352444400001,"Shape_Area":0.00096849183427200004}},{"type":"Feature","id":2,"geometry":{"type":"Polygon","coordinates":[[[111.04000400068412,-7.7893479994106087],[111.04004699996915,-7.7889550001730754],[111.04018500003781,-7.7881389994152528],[111.04033500065981,-7.7871620002260897],[111.04034311524265,-7.7871046855327677],[111.04046200022117,-7.7862650002295481],[111.04057700012851,-7.7856329998630258],[111.04068100042787,-7.7850809995883878],[111.04085400031192,-7.7846789999358634],[111.04113799991882,-7.7844900002132817],[111.0414480007247,-7.7842889999373597],[111.04185800074617,-7.7841059995921569],[111.04215800019159,-7.7840290005378847],[111.04292199945075,-7.7838599999390112],[111.04401568747409,-7.7834999941293859],[111.04412199993044,-7.7834650006092261],[111.04421161377502,-7.7834284071951743],[111.04472900004339,-7.7834009994564894],[111.04492308093552,-7.7835413449570297],[111.04503600071092,-7.7836230007008567],[111.04517900011081,-7.7835859998939441],[111.04604057761065,-7.7830129689733099],[111.04580257472912,-7.7829773054582461],[111.04540281798575,-7.7829174052140502],[111.0453166872154,-7.7829044990433545],[111.04523072911491,-7.7828309479897939],[111.04511159862142,-7.7827290134331975],[111.04510833048511,-7.7827262165416187],[111.04473532047871,-7.7824070498454034],[111.04374435571748,-7.7814664066493151],[111.04341299241571,-7.7811317518288092],[111.04273440806656,-7.7805709912581733],[111.04247277909553,-7.7803177385727054],[111.0419274760722,-7.7804353860841502],[111.04163046057738,-7.7805982371189089],[111.04076770046908,-7.7805440466703431],[111.04066487648294,-7.7805423514483323],[111.0402221006695,-7.7805350534499098],[111.03971079471745,-7.7805079649705817],[111.03931794746535,-7.7803361342051858],[111.0392155992206,-7.7800104995848187],[111.03927451740509,-7.7796305782885042],[111.03892418380411,-7.779440650465574],[111.03859001821485,-7.779386407856407],[111.03876514679416,-7.7790607489543504],[111.03919707138778,-7.778870750084991],[111.03924935077697,-7.7788182620531074],[111.03950342634209,-7.7785631702540741],[111.04000646572587,-7.7781017946620636],[111.03986384673919,-7.7775138412906699],[111.03977196840168,-7.7770072936516499],[111.03969880135867,-7.7765459720189369],[111.03970611014893,-7.7759037310722761],[111.03914692519049,-7.7760394666480011],[111.0387240585685,-7.7760666432609469],[111.03817901814722,-7.7759129158483233],[111.03759826744613,-7.7757591920330356],[111.03732075824644,-7.7753521615729255],[111.03696541092506,-7.7761120275479811],[111.0365612591948,-7.776256793216362],[111.03627498160517,-7.7760306766743383],[111.03589233356439,-7.7757412478602532],[111.03593460259987,-7.7762025730902451],[111.03563052922561,-7.7767001086230607],[111.03521588600438,-7.7767906002059703],[111.03493244127918,-7.7765554364841591],[111.03463797446301,-7.7767001904613835],[111.03428084018867,-7.7764831246964263],[111.034059740065,-7.7761303620265494],[111.03420538167308,-7.7756418862639975],[111.03446695128883,-7.7752619469812316],[111.03469959331164,-7.7746558695726549],[111.03465930278463,-7.7741131341138043],[111.03465700591613,-7.7737693988386241],[111.03461299669249,-7.7727924724945865],[111.03461691144139,-7.7721502306486059],[111.03462027220786,-7.7716617656778908],[111.03466697040443,-7.7708476525970696],[111.03472305032858,-7.7703953655536111],[111.03475529641986,-7.7696174375946043],[111.03452569050825,-7.7691832646958687],[111.03421561415934,-7.769011423138636],[111.03335507537651,-7.7680526514087092],[111.03297526109947,-7.7676365818626891],[111.03264534570621,-7.7674376032627492],[111.03215755432774,-7.7670758140974954],[111.0317987482137,-7.7671120226017365],[111.03106299845865,-7.767175396926973],[111.03061236257054,-7.7671754302019167],[111.03030231499991,-7.7673654110848247],[111.02998065448367,-7.7676458484770592],[111.02977661270057,-7.7679262786747927],[111.02945238731786,-7.7680258030483174],[111.02900517874605,-7.7684147967054287],[111.02873594330919,-7.7686138202715256],[111.02834594960598,-7.7684962527997641],[111.0281381783343,-7.7681344402521972],[111.02782048202971,-7.7683877397024048],[111.0276440908022,-7.7684149046240805],[111.02729162670727,-7.7684691850048466],[111.02682199803684,-7.7687934832326278],[111.02684100071167,-7.7688210006886038],[111.02664665002294,-7.7689915526179902],[111.0265960002053,-7.7690360007107984],[111.02672699995117,-7.7692280005717294],[111.02674900006639,-7.7693180002254962],[111.02677399942058,-7.7694250006632046],[111.02634200018321,-7.7698659994163108],[111.0262279994227,-7.7699469995543495],[111.02601200025367,-7.7699410001769706],[111.02587400018501,-7.7699290005228931],[111.02574199949373,-7.7699410001769706],[111.02553400069365,-7.7703689992299019],[111.02546600025579,-7.7705540005666194],[111.02534000074053,-7.7706299995747941],[111.02506800078766,-7.7705409999671247],[111.02487200074228,-7.7703959995756691],[111.0247450002816,-7.770211000037591],[111.02458900028222,-7.7700490006608334],[111.02421600016834,-7.76980899948569],[111.02400000009999,-7.7697489985174002],[111.02371700053919,-7.769792000500388],[111.02355600030921,-7.7697870002697869],[111.02321900005688,-7.7697770007079612],[111.02306999948092,-7.7698010000161162],[111.02289200026564,-7.7698700005000774],[111.02274400063516,-7.7698469985401175],[111.02261199994388,-7.769598000547262],[111.02253000065906,-7.7695090000402729],[111.02237500070578,-7.7694520001096521],[111.02194400061518,-7.7694440006400782],[111.02126800001827,-7.7694530001558064],[111.02116800080267,-7.7694900000633993],[111.0211080007337,-7.7696929995322535],[111.02104099944262,-7.7698730006384267],[111.02093499995033,-7.7699630002921936],[111.02064299997454,-7.7699829994158449],[111.02041699944505,-7.7700890007067756],[111.02014700048375,-7.7701989994841938],[111.01983700057718,-7.7702150002220378],[111.01964400067016,-7.7702730001987561],[111.01949600014035,-7.7702920001756297],[111.01922500023363,-7.7702169994149699],[111.01900900016528,-7.7701640005681156],[111.01880500065033,-7.7702399995762903],[111.01867900023575,-7.7703739994604462],[111.01853599993649,-7.7704580006361539],[111.01836099996024,-7.7704290001981349],[111.01783399993923,-7.7703519984459035],[111.01688600028876,-7.7705080002439786],[111.01637600015232,-7.770726999551357],[111.01624000017591,-7.7708629995277647],[111.01625600001444,-7.7711839999415702],[111.01626700052174,-7.771354000586598],[111.01619599994552,-7.7714790000557628],[111.01610200010725,-7.7716470006085387],[111.0163290006829,-7.7717230005160332],[111.01655800045143,-7.7721209999841108],[111.01677800070422,-7.7725150001670613],[111.01684058902202,-7.772774561596691],[111.01688000001207,-7.7729379998887111],[111.01693900003488,-7.7734349994256604],[111.01698300026533,-7.7737559998394659],[111.01698300026533,-7.7742670000220073],[111.01695400072663,-7.7748370002273077],[111.01693900003488,-7.7751289984045115],[111.01691000049618,-7.7755370001324309],[111.01685100047337,-7.7758880001310331],[111.01679200045049,-7.7763400002907588],[111.01671900068141,-7.7768080002889519],[111.01666100070469,-7.777259999549301],[111.01661700047424,-7.7776250001935523],[111.01652900001341,-7.7781949994995898],[111.01642700070556,-7.7787060005813942],[111.01629500001428,-7.779304999426131],[111.0161390000149,-7.7800530006454096],[111.01606100001521,-7.7803920000906714],[111.01595800066127,-7.7810199984741075],[111.01591400043083,-7.7816190000168035],[111.01590000068455,-7.7820859999688992],[111.01682210975264,-7.7820555156494606],[111.01735004866589,-7.7821671835686175],[111.01767801253033,-7.7822629029105883],[111.01798197348933,-7.7822309796759441],[111.01813394542529,-7.7820235501466755],[111.01812592347267,-7.7815049956589633],[111.01820589298762,-7.7810183482181401],[111.01854984949603,-7.7809943992720605],[111.01890181266856,-7.7811698956741111],[111.01914976744786,-7.7808667279171004],[111.01962169118815,-7.7805077068651372],[111.01999763568239,-7.7803401559733629],[111.02027760003125,-7.7803560991546306],[111.02039759747123,-7.7806353152675456],[111.02034962223735,-7.7810022944203183],[111.02020567764998,-7.7817921015242177],[111.02007578047295,-7.7823834075681475],[111.02072564317393,-7.7824143424479075],[111.02118157427032,-7.7821430754425478],[111.02168549768766,-7.7818558499674282],[111.02222141448675,-7.781536712049558],[111.02238140567738,-7.781752103276915],[111.02256540606868,-7.7821908717112933],[111.02270942080321,-7.782797173950371],[111.02262145361726,-7.7832120231163344],[111.0225894872151,-7.7837624909461738],[111.02278836509106,-7.784493195504524],[111.02290153667661,-7.7853660064359929],[111.02291755630023,-7.7857569165483937],[111.02277359462573,-7.7861558135398923],[111.02254963645663,-7.7864749361693271],[111.0222296846523,-7.7866903525776365],[111.0220903904592,-7.7873644115383058],[111.02211193731614,-7.7885347379877317],[111.02205382852145,-7.7890677382854392],[111.02203785746121,-7.789602249444215],[111.02206187925236,-7.7900490038583712],[111.02221387816803,-7.7903361960585471],[111.02246188061139,-7.7908467600698827],[111.02246189140322,-7.791054181505217],[111.02238994923681,-7.7920194967023804],[111.0223499797678,-7.7925220981163079],[111.02230203151362,-7.7934156105419561],[111.02231247354189,-7.7940427662605885],[111.02324597702028,-7.7940856935998113],[111.02434987594609,-7.7941494519355956],[111.02506180445874,-7.7941015450502391],[111.02594971230945,-7.79396586882973],[111.02655765041527,-7.793909987655752],[111.02689362364185,-7.7939737882596773],[111.02698964605537,-7.7944843585662511],[111.02701367144385,-7.7949151572086635],[111.02710312161184,-7.7953752638572951],[111.02753362977325,-7.7950108558662805],[111.02802156414396,-7.7947236249952425],[111.02838953165161,-7.7947475334718206],[111.02872551477077,-7.7949549324241616],[111.02874955364905,-7.7955612418577971],[111.02885355664637,-7.7957367445550858],[111.02955748299149,-7.7956170295022389],[111.02962145446662,-7.7953058928526389],[111.03005343301959,-7.795561151026277],[111.03060540631452,-7.7958802232936364],[111.03098938175464,-7.7960158176758227],[111.03168529873761,-7.7957524988786986],[111.03239719847198,-7.7952977126192877],[111.03302109864484,-7.7947551759106091],[111.03322199999536,-7.7944309999905954],[111.03338400027144,-7.7943480006596815],[111.03360200043204,-7.7939909994850041],[111.0337410005468,-7.7937520001546545],[111.03390200077678,-7.7935540000170249],[111.0341670004068,-7.7933679995335297],[111.03507600005742,-7.7931429999494526],[111.03530200058691,-7.793081999834385],[111.03548800017114,-7.7929450007111427],[111.03577499991638,-7.7921150002070476],[111.03585700010052,-7.7918120006232812],[111.0362249999838,-7.791327999887244],[111.03651100058227,-7.7910040002343521],[111.03663299991308,-7.7908380006731477],[111.03697800053436,-7.7902929998220429],[111.03708400002665,-7.790131999592063],[111.03727600078685,-7.7900380006531691],[111.03792800027708,-7.7900009998461996],[111.03823299995304,-7.7899639999386068],[111.0387209999742,-7.789852000169617],[111.03909099994974,-7.7896719990634438],[111.03941700059414,-7.7894949998942593],[111.04000400068412,-7.7893479994106087]]]},"properties":{"FID":2,"OBJECTID_1":17509,"NAMOBJ":"Jatimarto","FCODE":"BA03070040","REMARK":"Wilayah Administrasi Kelurahan/Desa","METADATA":"TASWIL1000020221227_DATA_BATAS_DESAKELURAHAN","SRS_ID":"SRGI 2013","KDBBPS":"3312","KDCBPS":"3312150","KDCPUM":"33.12.13","KDEBPS":"3312150010","KDEPUM":"33.12.13.2011","KDPBPS":"33","KDPKAB":"33.12","KDPPUM":"33","LUASWH":0,"TIPADM":1,"WADMKC":"Ngadirojo","WADMKD":"Jatimarto","WADMKK":"Wonogiri","WADMPR":"Jawa Tengah","WIADKC":" ","WIADKK":" ","WIADPR":" ","WIADKD":" ","UUPP":"Hasil Delineasi Batas Desa 2017","LUAS":5.8421324700000001,"SIGCODE":15910,"Shape_Leng":0.11969659519,"Shape_Area":0.00047891330531400002}},{"type":"Feature","id":3,"geometry":{"type":"Polygon","coordinates":[[[111.02682199803684,-7.7687934832326278],[111.02679783055549,-7.7688101719518272],[111.02676760524088,-7.7688310434178902],[111.02637793259555,-7.7687154391661579],[111.02621889468628,-7.7686682571343226],[111.02585807948685,-7.7683154980617246],[111.02539267763001,-7.7678632442932667],[111.02513313778417,-7.7676349657809851],[111.02491962524056,-7.7674471720492875],[111.02443836114151,-7.7671306016958397],[111.02394094701714,-7.766886397089479],[111.02354784076033,-7.766777870502267],[111.02317088902538,-7.7667055272382299],[111.02276985074809,-7.7666784117792531],[111.02240650575567,-7.7666332028599641],[111.02187368352372,-7.7667236872483159],[111.02164437978433,-7.7663709182832008],[111.02155338548044,-7.7660452791662351],[111.02130251509908,-7.7651407257638425],[111.02116815368743,-7.7646974957927455],[111.02102869132113,-7.7642814028644125],[111.02093202679168,-7.7638833988996794],[111.02078746796735,-7.763566807861821],[111.02053351560932,-7.7633225879670249],[111.02079027924805,-7.7630964336534589],[111.02096881355993,-7.7627436440039332],[111.02117285894036,-7.7624722645833231],[111.02136016344087,-7.7618028767013243],[111.02170846367471,-7.7614500789579211],[111.02184799978545,-7.7610855765381075],[111.02188160655095,-7.7609977865186011],[111.02177186048306,-7.7610053552129443],[111.02160325468651,-7.761016980748991],[111.02122522016782,-7.7610430475985481],[111.02089645320882,-7.7609345165146806],[111.02053536551477,-7.7605817538448036],[111.02055149215772,-7.7600118768465904],[111.02008640416426,-7.7598852594970822],[111.01955699126222,-7.7599938319497141],[111.01922823239704,-7.7600209842809704],[111.01876285841922,-7.7598310456662034],[111.01852855714725,-7.7595888906147366],[111.01847404654006,-7.7595325516858793],[111.01845106526451,-7.7595888942120723],[111.01828956321282,-7.7599848432258796],[111.01810638570117,-7.7600972162135236],[111.01783242792425,-7.7602652779202117],[111.01759178912982,-7.7597858682232186],[111.01718281793273,-7.7596682908588832],[111.01668544877452,-7.7602110497001604],[111.01635670249988,-7.7605909808889919],[111.01604381846749,-7.7607176315134438],[111.01580318596831,-7.7603739061308374],[111.015731185346,-7.7600120818920004],[111.01531399974135,-7.7600120971804927],[111.01478459763115,-7.7604372615703028],[111.01443175042499,-7.7605729584752225],[111.01403072204027,-7.7606634284744018],[111.0136217607357,-7.7608353096018163],[111.01343726661662,-7.7610976400439995],[111.01287436565951,-7.7616006830250512],[111.01282992476126,-7.761640397985957],[111.01229823837309,-7.7616765956983045],[111.01175294524228,-7.7616132915201206],[111.01164072424007,-7.7620113035787313],[111.01174503570491,-7.7625359491746622],[111.01127173060593,-7.7624997784419634],[111.01071028115462,-7.7624002918399242],[111.01037358307445,-7.7624093462143264],[111.0099884259252,-7.7625993136073816],[111.00985211748127,-7.7632415581513214],[111.0099460345819,-7.7636110679963508],[111.01034200068284,-7.7640630007068694],[111.01034100063674,-7.7644220001751023],[111.01015899943832,-7.7648559995047322],[111.0096570005702,-7.7650889994577028],[111.00933400006409,-7.7653239995029253],[111.00873100013558,-7.7659410000770208],[111.00855400006714,-7.7661029985545156],[111.0082320005065,-7.7663969995218736],[111.0076220002552,-7.7667619992668051],[111.0073390006944,-7.7668459995431931],[111.00706100046489,-7.766854999958241],[111.00624900079083,-7.7666530005354844],[111.00494128221447,-7.7679491052669505],[111.00378500047748,-7.769013000549478],[111.00307000077999,-7.7694830006399229],[111.00224800064478,-7.7699069995083505],[111.0017255547906,-7.7701086661819545],[111.00130499942622,-7.7702710001065043],[111.0004420000983,-7.7706790000357842],[111.00021299943046,-7.7709360001962295],[111.00000000039978,-7.7711470000339773],[110.99961000040128,-7.7715309988564627],[110.99910400044934,-7.7720009998462274],[110.9983719999679,-7.7724609994755269],[110.99779000010847,-7.7730859995191963],[110.99726500017965,-7.7735149995175448],[110.99686900080383,-7.7738380000236589],[110.99661699997461,-7.7741069998381249],[110.9960031856985,-7.7743926416070508],[110.99567804030937,-7.7746544270601134],[110.99566899942482,-7.7750920002955581],[110.99556000069356,-7.7753959999254221],[110.99509000060311,-7.7756170002243152],[110.99482500007377,-7.7759149995775374],[110.99425400072164,-7.776116999899557],[110.99368500056238,-7.7760630001073423],[110.99337899994094,-7.7760280002919444],[110.99317100024155,-7.7760420000382169],[110.99276500040452,-7.7761259994152852],[110.99219600024526,-7.7760299994848197],[110.99186600031572,-7.7760270002457901],[110.99170900027019,-7.7759699994159064],[110.99152300068602,-7.7759129994852856],[110.99146799994833,-7.7759110002924103],[110.99093900073433,-7.776062000061188],[110.98997100016157,-7.7762200001528186],[110.98952300018635,-7.7761099995767609],[110.98939600062499,-7.7760030000383722],[110.98925100023354,-7.7758549995085673],[110.98908899995746,-7.7763999994603523],[110.98906000041876,-7.7765379995290118],[110.98880599949734,-7.7774149995025823],[110.98873600076587,-7.7776579999166984],[110.98860000078946,-7.7782229998915113],[110.98859600060501,-7.7782470000989292],[110.98850299991358,-7.7786329999129862],[110.98836799998327,-7.7792150006716838],[110.98834400067517,-7.7792720006023046],[110.98810399950003,-7.7798139995164206],[110.9878460001928,-7.7803620005058747],[110.98772000067754,-7.7807360006658541],[110.9874960002403,-7.7813960005249783],[110.98741199996391,-7.7816810001779686],[110.98739299998704,-7.7817790002006291],[110.98732700054069,-7.7821020007067432],[110.9872790001258,-7.7822750005907437],[110.98702000077247,-7.7832069995033635],[110.98682100058875,-7.7839240001924281],[110.98681500031205,-7.7841339999840784],[110.98678100054281,-7.7845180006052033],[110.98704305849043,-7.7846780115809224],[110.98729425172837,-7.7843843055911748],[110.98744144196905,-7.7841098738715573],[110.98765262257052,-7.7839567085352428],[110.98793418771265,-7.7840013922503886],[110.9881261614932,-7.7840716005238733],[110.98842691816782,-7.7843651905010915],[110.98876607049783,-7.7846396366098816],[110.98911162330285,-7.7849204625092625],[110.98929080152931,-7.7849332319830182],[110.9894123907693,-7.7848311202599234],[110.98938679696317,-7.7846268878205933],[110.98950198752675,-7.7845311576867289],[110.98978995044592,-7.7846205152245602],[110.98996272819738,-7.7847353991193131],[110.99010351256709,-7.7846843455060935],[110.99006512410625,-7.7843971434134005],[110.99009712558194,-7.7841865320827424],[110.99023150947664,-7.7840844185610081],[110.99042348865316,-7.7841227170897014],[110.99064745851348,-7.784269512527942],[110.99085222964675,-7.7844546019982204],[110.99128097603625,-7.7845631096997181],[110.99154974652362,-7.7844737629537235],[110.99160094312907,-7.7843333545006885],[110.99153055678983,-7.7841163579834642],[110.99131938698019,-7.7837844775715439],[110.99115941377596,-7.783497275478851],[110.99124260556187,-7.7833823969800164],[110.99170975030478,-7.7833313496620349],[110.99199131454759,-7.7834398519675574],[110.99226648011404,-7.7835164436289119],[110.99252244425548,-7.7837462078211956],[110.99276561194353,-7.7839185314150541],[110.99291279409022,-7.7839249175008831],[110.99308557813697,-7.783688778014664],[110.99309198220925,-7.7833951961313232],[110.99326476445736,-7.7830888519688983],[110.9934311471298,-7.7829995025250014],[110.99352713446973,-7.7830058886108304],[110.99359752530563,-7.7831016205433343],[110.99370630909897,-7.7833377645261521],[110.99384709077066,-7.7834271175673848],[110.99415425421552,-7.7833696832641976],[110.99438462545015,-7.7834718012825306],[110.99458939748274,-7.7836696530320069],[110.99481977141539,-7.7836185985194675],[110.99513973221292,-7.7835803089840283],[110.99513333443588,-7.7834399005309365],[110.99513973940753,-7.7829995259073712],[110.99537011423945,-7.7828144445309704],[110.99551729548688,-7.7828399744851708],[110.9957668627506,-7.7830697386774546],[110.99599083351023,-7.7832867360939417],[110.99627879642935,-7.7834399122221498],[110.9964835729586,-7.7833377969017761],[110.99659876262285,-7.7829931596065762],[110.99661796314854,-7.7826102255813794],[110.99685473665681,-7.7823613211180032],[110.99726428611797,-7.7823996169487373],[110.99766743510412,-7.7825144990448507],[110.99803219023346,-7.7825400298984277],[110.99835855060667,-7.7824825910986419],[110.99862091792107,-7.7825145035414494],[110.99881929397532,-7.782323037877859],[110.99900487177746,-7.7820932781821739],[110.9992416434871,-7.7818379894316081],[110.99974078161182,-7.7816720528229553],[111.00002234675395,-7.781646522868698],[111.00018232625342,-7.7817358750105541],[111.00028471316904,-7.7820358384831252],[111.00041909706374,-7.782418772508322],[111.00062387359293,-7.7826549146925004],[111.00080945049581,-7.7828017056341423],[111.00105902045749,-7.7829548772657517],[111.00123200055646,-7.783302999433829],[111.00186700016201,-7.7830670002418287],[111.00216399946908,-7.7830099994118882],[111.00248000055166,-7.7829760005419644],[111.00278100004317,-7.7828530002656748],[111.00300700057267,-7.7828169995048597],[111.00360213503058,-7.7827860124644417],[111.00366000010899,-7.7827830006349359],[111.00390100043086,-7.7826489998514035],[111.00419700059115,-7.7824169999445303],[111.00436300015241,-7.7822209998991525],[111.00437000047521,-7.7821059999918702],[111.00429800075221,-7.781868999854396],[111.0042000007295,-7.7815509995789398],[111.00435500068278,-7.7814339995793489],[111.00455100072816,-7.7814229999714257],[111.00476899998944,-7.781548999486688],[111.00511800079516,-7.7817459995781633],[111.00513530914725,-7.7817532265301566],[111.0057239999627,-7.7819989995541619],[111.00593899998495,-7.7819950002689779],[111.00604700046875,-7.7818970002463175],[111.00639300023681,-7.781565000224532],[111.00651900065139,-7.7816100005010753],[111.00677400071964,-7.781731000685113],[111.00695800021163,-7.7815920005702992],[111.00725100023351,-7.7814329995332514],[111.00734558642972,-7.7814363926753458],[111.00750200011726,-7.7814419999482993],[111.00794599990803,-7.7814830000403958],[111.00808200078376,-7.7813929994873092],[111.00819400055275,-7.781215999418805],[111.00820099997622,-7.7810170001343977],[111.00823400059869,-7.78088100015799],[111.00836599949133,-7.7807820000891752],[111.00846000022887,-7.7807689985903608],[111.00862100045885,-7.7809039994199907],[111.00879000015846,-7.7811219995805914],[111.00897700068811,-7.7813970005710758],[111.00915300071046,-7.7814690002940665],[111.00927800017962,-7.781451999510125],[111.00956800006321,-7.7813020006867077],[111.00974912352331,-7.7812284739148936],[111.00976999948597,-7.7812200005025716],[111.0098660003157,-7.7810770002033678],[111.00988000006203,-7.7810609994655238],[111.00997900013084,-7.7809459995581847],[111.0102260007294,-7.7808240002273692],[111.010365999991,-7.7808400000658935],[111.01056300008247,-7.7809339999041072],[111.01065600077385,-7.7810470006185142],[111.01064900045105,-7.7811820005488244],[111.01066100010513,-7.7814319994871539],[111.01076600045064,-7.7814470001788436],[111.01098200051899,-7.7813690001791542],[111.01143500072476,-7.7811650006642026],[111.01161800017064,-7.781157000295309],[111.01170900076983,-7.781241000571697],[111.01171999947843,-7.7813629999024556],[111.01174600067748,-7.7815119995790951],[111.01188781207293,-7.7817199902852963],[111.01189090664008,-7.7817245282643057],[111.01202084878321,-7.7816080606634159],[111.0123472082571,-7.7816399614150669],[111.0126090314817,-7.7816890805865455],[111.01299352942789,-7.7817165305933713],[111.01349906443033,-7.7816463088300338],[111.01380622697587,-7.7816718279923975],[111.01401100620302,-7.7818058485610209],[111.01420939214978,-7.7821249514053079],[111.01471493704474,-7.7823355474475306],[111.01537406366219,-7.7825078449610032],[111.01573881609357,-7.7824567742606519],[111.01590000068455,-7.7820859999688992],[111.01591400043083,-7.7816190000168035],[111.01595800066127,-7.7810199984741075],[111.01606100001521,-7.7803920000906714],[111.0161390000149,-7.7800530006454096],[111.01629500001428,-7.779304999426131],[111.01642700070556,-7.7787060005813942],[111.01652900001341,-7.7781949994995898],[111.01661700047424,-7.7776250001935523],[111.01666100070469,-7.777259999549301],[111.01671900068141,-7.7768080002889519],[111.01679200045049,-7.7763400002907588],[111.01685100047337,-7.7758880001310331],[111.01691000049618,-7.7755370001324309],[111.01693900003488,-7.7751289984045115],[111.01695400072663,-7.7748370002273077],[111.01698300026533,-7.7742670000220073],[111.01698300026533,-7.7737559998394659],[111.01693900003488,-7.7734349994256604],[111.01688000001207,-7.7729379998887111],[111.01684058902202,-7.772774561596691],[111.01677800070422,-7.7725150001670613],[111.01655800045143,-7.7721209999841108],[111.0163290006829,-7.7717230005160332],[111.01610200010725,-7.7716470006085387],[111.01619599994552,-7.7714790000557628],[111.01626700052174,-7.771354000586598],[111.01625600001444,-7.7711839999415702],[111.01624000017591,-7.7708629995277647],[111.01637600015232,-7.770726999551357],[111.01688600028876,-7.7705080002439786],[111.01783399993923,-7.7703519984459035],[111.01836099996024,-7.7704290001981349],[111.01853599993649,-7.7704580006361539],[111.01867900023575,-7.7703739994604462],[111.01880500065033,-7.7702399995762903],[111.01900900016528,-7.7701640005681156],[111.01922500023363,-7.7702169994149699],[111.01949600014035,-7.7702920001756297],[111.01964400067016,-7.7702730001987561],[111.01983700057718,-7.7702150002220378],[111.02014700048375,-7.7701989994841938],[111.02041699944505,-7.7700890007067756],[111.02064299997454,-7.7699829994158449],[111.02093499995033,-7.7699630002921936],[111.02104099944262,-7.7698730006384267],[111.0211080007337,-7.7696929995322535],[111.02116800080267,-7.7694900000633993],[111.02126800001827,-7.7694530001558064],[111.02194400061518,-7.7694440006400782],[111.02237500070578,-7.7694520001096521],[111.02253000065906,-7.7695090000402729],[111.02261199994388,-7.769598000547262],[111.02274400063516,-7.7698469985401175],[111.02289200026564,-7.7698700005000774],[111.02306999948092,-7.7698010000161162],[111.02321900005688,-7.7697770007079612],[111.02355600030921,-7.7697870002697869],[111.02371700053919,-7.769792000500388],[111.02400000009999,-7.7697489985174002],[111.02421600016834,-7.76980899948569],[111.02458900028222,-7.7700490006608334],[111.0247450002816,-7.770211000037591],[111.02487200074228,-7.7703959995756691],[111.02506800078766,-7.7705409999671247],[111.02534000074053,-7.7706299995747941],[111.02546600025579,-7.7705540005666194],[111.02553400069365,-7.7703689992299019],[111.02574199949373,-7.7699410001769706],[111.02587400018501,-7.7699290005228931],[111.02601200025367,-7.7699410001769706],[111.0262279994227,-7.7699469995543495],[111.02634200018321,-7.7698659994163108],[111.02677399942058,-7.7694250006632046],[111.02674900006639,-7.7693180002254962],[111.02672699995117,-7.7692280005717294],[111.0265960002053,-7.7690360007107984],[111.02664665002294,-7.7689915526179902],[111.02684100071167,-7.7688210006886038],[111.02682199803684,-7.7687934832326278]]]},"properties":{"FID":3,"OBJECTID_1":17702,"NAMOBJ":"Kasihan","FCODE":"BA03070040","REMARK":"Wilayah Administrasi Kelurahan/Desa","METADATA":"TASWIL1000020221227_DATA_BATAS_DESAKELURAHAN","SRS_ID":"SRGI 2013","KDBBPS":"3312","KDCBPS":"3312150","KDCPUM":"33.12.13","KDEBPS":"3312150011","KDEPUM":"33.12.13.1010","KDPBPS":"33","KDPKAB":"33.12","KDPPUM":"33","LUASWH":0,"TIPADM":2,"WADMKC":"Ngadirojo","WADMKD":"Kasihan","WADMKK":"Wonogiri","WADMPR":"Jawa Tengah","WIADKC":" ","WIADKK":" ","WIADPR":" ","WIADKD":" ","UUPP":"Hasil Delineasi Batas Desa 2017","LUAS":5.3337294599999998,"SIGCODE":16103,"Shape_Leng":0.13042116861700001,"Shape_Area":0.00043722881106799999}},{"type":"Feature","id":4,"geometry":{"type":"Polygon","coordinates":[[[111.03761699942504,-7.8360959995306985],[111.03750500055537,-7.8361310002454161],[111.03735800007172,-7.8361080000840957],[111.03725799995681,-7.8359989995541355],[111.03716200002634,-7.8357760000623102],[111.037087000165,-7.8356810001779422],[111.03696599998096,-7.8356089995556317],[111.03682600071943,-7.8356569999705243],[111.03659800009768,-7.8359149992777475],[111.03645899998293,-7.8360800005914939],[111.03629500051392,-7.8361939995534158],[111.03598600065345,-7.8361819998993383],[111.03580900058495,-7.8361580005911833],[111.03568100007817,-7.8361969996917082],[111.03550800019411,-7.8364120006132794],[111.0353780004944,-7.8366460006124044],[111.03535300024083,-7.8367540001968905],[111.03539399943361,-7.83689200026555],[111.03551600056306,-7.8370139995963655],[111.0360650006993,-7.8370289984894157],[111.03625600051407,-7.8370480002649288],[111.03638099998324,-7.8371130005645],[111.03639400058273,-7.8371830001952389],[111.0364560007439,-7.8375050006551987],[111.03646900044407,-7.8376939994784607],[111.03604300058407,-7.8381499998225763],[111.03583100070017,-7.838322000559856],[111.03568300017037,-7.8384039998446724],[111.03536400074807,-7.838843999450944],[111.03524700074854,-7.8389799994274085],[111.03497200065738,-7.8390430005339908],[111.03482200003532,-7.8390589994731954],[111.03471700058918,-7.8391340002338552],[111.03458100061277,-7.8393729995642047],[111.03446100047483,-7.8394779999097182],[111.03425100068318,-7.8395749998862811],[111.03419100061427,-7.8396439994709795],[111.03421000059109,-7.8397770002083575],[111.03463800054334,-7.8402530005754443],[111.03471100031248,-7.8403500005520641],[111.03463600045114,-7.8412059995571894],[111.03459499945973,-7.8413889990030725],[111.03425700006056,-7.8415920002705661],[111.03415600079887,-7.8416460000627808],[111.03410699943851,-7.841778999900896],[111.0339709994621,-7.8419240002923516],[111.03382700001612,-7.842005999577168],[111.03371300015488,-7.8420680006376529],[111.03356900070889,-7.842099000268604],[111.03325600066398,-7.8421380002684486],[111.03304400078008,-7.8419639985396543],[111.03274400043534,-7.8417699994858481],[111.03219599944589,-7.8414610005247027],[111.03204600062247,-7.8413829996256936],[111.03178300018538,-7.8412460005024514],[111.03131899947232,-7.8410430001342775],[111.03110499949616,-7.8409490002960638],[111.03090600021181,-7.8408170005041029],[111.03054000042073,-7.8406060006663552],[111.03045199995989,-7.8406030005280059],[111.03026700042182,-7.8405960002052097],[111.02993200026168,-7.8406940002278702],[111.03000700012302,-7.8402910005291915],[111.02969400007811,-7.8401229999764155],[111.02933100042537,-7.839984999907756],[111.02896800077269,-7.8398669998621244],[111.02866699948248,-7.8396729999089985],[111.02838499996784,-7.8394979999326893],[111.02819700029141,-7.839472999679117],[111.02796600043064,-7.8395050002554854],[111.0274610005248,-7.8398550002080469],[111.02735000080196,-7.8398240005770958],[111.0272349999953,-7.8397840005311537],[111.02714400029544,-7.8397509999086878],[111.0270270002959,-7.8396259995402033],[111.02682499997383,-7.8394319995870774],[111.02614999942301,-7.8389019994276623],[111.02605100025352,-7.8387489995666328],[111.02572900069288,-7.8379330006074497],[111.02546500020964,-7.8383649998448277],[111.02513800041845,-7.839077999450069],[111.02495000074202,-7.8392929994723204],[111.02462600018981,-7.8395839994020093],[111.02446000062861,-7.8396449995170769],[111.02441400030591,-7.8397009994015434],[111.02433500026012,-7.8399690000692317],[111.02424600065245,-7.8399579995619888],[111.02405000060708,-7.8398799995622994],[111.02395799996179,-7.8399920002305521],[111.02388799943168,-7.8400300001842993],[111.02360800000923,-7.840164000068512],[111.02335600007939,-7.8403250002984919],[111.02329900014882,-7.8404919999058507],[111.02322300024133,-7.8412070005026067],[111.02328399945708,-7.8413830005250134],[111.02325800005673,-7.8414750002709752],[111.02316500026461,-7.8416029989791696],[111.02294900019626,-7.8417799999469935],[111.02259400001316,-7.8420909998996535],[111.02257700012854,-7.8422140001759431],[111.02251900015182,-7.8424470001289137],[111.02250200026714,-7.8426590000128158],[111.02250600045164,-7.8426740007045055],[111.02255000068203,-7.8428309989513991],[111.02259700015151,-7.8430800005415335],[111.02254700054368,-7.8435239994329891],[111.02241000052118,-7.8436750001011433],[111.02217500047595,-7.8438359994318034],[111.0218240004773,-7.8438100000314535],[111.02156200008631,-7.8438169994549298],[111.02133000017943,-7.8438749994316481],[111.02109000080293,-7.8439090001002114],[111.02080799948965,-7.8437489999163859],[111.02079100050435,-7.8437459988787168],[111.02026600057553,-7.8436799994323678],[111.02002699944654,-7.843662999547746],[111.01981199942429,-7.8434649994101733],[111.01981199942429,-7.8434640002633387],[111.01958000041674,-7.8432159996186215],[111.0194650005094,-7.8432229999414744],[111.01876100041989,-7.8434830002402123],[111.01851200062839,-7.8435059995022129],[111.01833300046763,-7.8435190001017077],[111.01827600053707,-7.8435710007010471],[111.01819200026068,-7.8438579995469695],[111.01817000014546,-7.8439739995004061],[111.01800100044585,-7.8439500001923079],[111.01796400053826,-7.8439460000078611],[111.01704000019589,-7.8435870005395714],[111.01690900045008,-7.8438690000542692],[111.01624000017591,-7.8443700006749282],[111.01513600052607,-7.8443410002369092],[111.0144250001137,-7.8442970000065202],[111.01356700011701,-7.8442279995225022],[111.01356200078578,-7.8442440002603462],[111.01351600046308,-7.8446839998666746],[111.01310600044161,-7.8455670001168869],[111.01296600028076,-7.8458659995162066],[111.01281300041967,-7.8460199994233903],[111.01270200069683,-7.8461269998610987],[111.01274499998181,-7.8465199999979518],[111.0127580005813,-7.8466240002973109],[111.01266599993602,-7.8466759999973306],[111.01233700005258,-7.8466949999742042],[111.01220500026062,-7.846768000642669],[111.01204900026119,-7.8469389995351548],[111.01181800040047,-7.8470720002725329],[111.01172500060835,-7.8471190006413281],[111.01162400044734,-7.8471699984966108],[111.01151200067835,-7.8472250001336192],[111.01137400060969,-7.8472109994879702],[111.01122299994154,-7.847073999465465],[111.01111400031095,-7.8469500000423977],[111.01115500040299,-7.8468209994894664],[111.01125900070241,-7.8465689995596222],[111.01187700042328,-7.84596000025374],[111.01219200056045,-7.8454159994487895],[111.01216100003018,-7.8452419995186347],[111.01212999949996,-7.8449899995887904],[111.01214500019165,-7.8447100001663443],[111.01216799945365,-7.844284999453123],[111.01218500023765,-7.8436750001011433],[111.01226000009899,-7.8430169994349512],[111.01237299991408,-7.8425009999211852],[111.01254700074355,-7.8420200002227602],[111.01280348829039,-7.8414174562505536],[111.0128544133006,-7.8412978221367098],[111.0128619999814,-7.8412799984731123],[111.01285800069621,-7.8412800002717518],[111.01285441240128,-7.8412784957059785],[111.01279600053505,-7.8412539999720821],[111.01268800005124,-7.841210000640956],[111.01263100012062,-7.8411869995803158],[111.01221600076786,-7.8410179998807621],[111.01187900051553,-7.8408809998582001],[111.01166000030884,-7.8408059990975403],[111.01124400001066,-7.8407150002969956],[111.01118600003394,-7.8406740002048991],[111.0111490001263,-7.8406469998591319],[111.01066300019738,-7.8404790002056757],[111.01062500024364,-7.8404660005054438],[111.01055999994412,-7.840442000298026],[111.00968100077762,-7.8401760006219092],[111.00943100004071,-7.8401070001378912],[111.00941799944115,-7.8400979988235235],[111.00916700045678,-7.8399210005536588],[111.00874300068898,-7.8396220002550763],[111.00874000055063,-7.8396209984102825],[111.00821600066797,-7.8393529995412337],[111.00783899947032,-7.8391969995418549],[111.00674900046607,-7.8386399999359924],[111.00668700030491,-7.8386089994057784],[111.00632700079052,-7.8384919994061875],[111.00623600019134,-7.8383920001905949],[111.00550600070142,-7.8375910001245188],[111.00539778348099,-7.8373989148279861],[111.00538600056353,-7.8373780001945192],[111.00530800056384,-7.8372380000336079],[111.00525082166814,-7.8371305850084241],[111.00459138478465,-7.8372118495471454],[111.00458700058965,-7.8372300005640341],[111.00460251659291,-7.837349354988703],[111.0046260005895,-7.8375300000094512],[111.00459100077416,-7.8376539994324617],[111.00449700003657,-7.8378129995702466],[111.0041990006834,-7.8381219994306548],[111.00385000077699,-7.8384580005362636],[111.00334399992573,-7.8388539999121463],[111.00287300068851,-7.8391710001415049],[111.00322300064101,-7.8391869999800292],[111.00344299999449,-7.839216999564826],[111.00382199948575,-7.8393760006018738],[111.00411000017641,-7.8396929999319696],[111.00442800045192,-7.8401309985467265],[111.00465600017435,-7.8404480005747246],[111.00486000058862,-7.8408560005039476],[111.00495900065744,-7.8411659995112473],[111.00504999945798,-7.8415890001322168],[111.00510300010342,-7.8419659995312259],[111.00525499991835,-7.8423890001521954],[111.00542900074782,-7.8427970000814184],[111.00567200026268,-7.8433940006325997],[111.0058380007232,-7.8439449999617068],[111.00594500026159,-7.8443610002598803],[111.00603400076858,-7.8448509994739766],[111.00620200042204,-7.8454859999788482],[111.00630899996042,-7.8458639994240116],[111.00654400000565,-7.8464299994448652],[111.0066532766275,-7.8466353704259859],[111.00680100016609,-7.8469130001348049],[111.00696506978221,-7.8471403748283706],[111.00711200011875,-7.8473440002254051],[111.00734700016397,-7.8476530000858133],[111.00763399990922,-7.8479960006148985],[111.00772600055456,-7.8481299995997347],[111.00788000046174,-7.8484859998289949],[111.00802399990772,-7.8487180006351878],[111.00808500002279,-7.8489269994814208],[111.00804300078391,-7.8492859998489735],[111.00792600078438,-7.8497559999394184],[111.00789400020801,-7.8498329998930103],[111.00806800013817,-7.8499370001923694],[111.00849900022877,-7.8504520005593577],[111.00831799997576,-7.850583999451942],[111.00824400016052,-7.8506829995207568],[111.00823000041424,-7.8507970002813181],[111.00830599942242,-7.8509339994045035],[111.00844399949102,-7.8512129996801718],[111.00844299944492,-7.8514129999099964],[111.00825000043722,-7.8517459999778794],[111.00804399993069,-7.8520820001841116],[111.00798300071494,-7.8522960001602087],[111.00795900050753,-7.8525939995134308],[111.00828799949164,-7.8534280002019727],[111.00833699995263,-7.8535730005934283],[111.00808700011504,-7.8538709999466505],[111.00798499990788,-7.8546409994825126],[111.00794500076125,-7.8548400005655026],[111.00738300002547,-7.8556100001013647],[111.00727000021038,-7.8557980006771686],[111.00745300055559,-7.8557409998472281],[111.00749400064768,-7.855742999939423],[111.00753500073978,-7.8557919995011503],[111.00753699993265,-7.8557929995472477],[111.00757000055512,-7.8558260001697136],[111.0077950001392,-7.8559829984166072],[111.00832599944539,-7.8563490000062757],[111.008835000435,-7.8567659994512837],[111.00923700008752,-7.8570029995887012],[111.00954200066286,-7.8571749994266611],[111.00945300015587,-7.8573360005559607],[111.00945699944106,-7.8579010005307168],[111.0094750002711,-7.8583790000907356],[111.00945500024812,-7.8587240007120158],[111.00945300015587,-7.8587590005274137],[111.00927600008737,-7.8604090001751956],[111.00925299992605,-7.8609270006804763],[111.00932099946459,-7.8611739994804566],[111.00955499946372,-7.8615909998247275],[111.00994499946222,-7.8620460001227457],[111.01017300008397,-7.862312000698239],[111.01024799994531,-7.8624229995217547],[111.01096200049597,-7.8634849999327798],[111.01105300019589,-7.8636009998862164],[111.01103900044956,-7.8636350005547797],[111.01108100058775,-7.8636360006008772],[111.01138300012542,-7.8636489994017325],[111.01151800005573,-7.8635539995174213],[111.01163900023971,-7.8633769994489171],[111.01182500072326,-7.8631039994499474],[111.01203400046882,-7.8627970005810539],[111.01233900014478,-7.8625140001209388],[111.01248700067458,-7.8626669999820251],[111.01256400062817,-7.8627850000276567],[111.01255700030538,-7.8628870002348208],[111.01252100044388,-7.8629899995887627],[111.01255100002868,-7.86316299947282],[111.0126359994519,-7.8633050006252461],[111.01308100018809,-7.8635419998633438],[111.01328300051011,-7.8636409990328389],[111.01341000007153,-7.8637639984097518],[111.0134939994486,-7.8639390001846436],[111.0142530002758,-7.8649120000886796],[111.01460200018221,-7.8652630000873387],[111.01509800057232,-7.8657579995319793],[111.01542300027131,-7.8660750006607145],[111.01582700001609,-7.8664189994372009],[111.01633900024473,-7.8668499995278012],[111.01661900056649,-7.867120999434519],[111.01713100079513,-7.8675589998479154],[111.01768300017039,-7.8679969984626723],[111.01804799991532,-7.8683019999372732],[111.01816000058363,-7.8684199999829616],[111.01839899991398,-7.868540000120845],[111.01861100069721,-7.8687789985518748],[111.01902700009606,-7.8691609999801244],[111.01955600020932,-7.8695520000247257],[111.02043057201337,-7.8699805746437619],[111.0205270944499,-7.8700278735874463],[111.02060763413505,-7.8699748999216581],[111.02067243748309,-7.8699389971869209],[111.02074653892168,-7.8699293654478311],[111.02089085313042,-7.8698791536000385],[111.0209820596744,-7.8698336766827879],[111.02105886357577,-7.8697953790534712],[111.0211212666332,-7.8697451159442835],[111.02120046992582,-7.869692458839836],[111.02131327548733,-7.8696206524710988],[111.02137567944413,-7.8695679971652908],[111.02142128046779,-7.8695344875265505],[111.02147648265361,-7.869467471846292],[111.02151488100702,-7.8693765234077659],[111.02151727859956,-7.8693262638959141],[111.02152207558339,-7.8692568578176747],[111.02149566968944,-7.8691778784562985],[111.02147166408611,-7.8691180474598923],[111.0214236564766,-7.8690749699338767],[111.02139245359893,-7.8690462518829918],[111.02131352010292,-7.868997562587424],[111.02129700045629,-7.8689249998888045],[111.02130603414622,-7.8688045312040913],[111.02132283258271,-7.8687351242265322],[111.02135643125433,-7.8686681085463306],[111.02141643312194,-7.8686154532405226],[111.02148123646992,-7.8685843366977224],[111.02156524394093,-7.8685771520139269],[111.02163724905984,-7.8685771475172714],[111.02170205510583,-7.868581931910569],[111.02176206147004,-7.8686058619709343],[111.02180526669974,-7.8686321860265025],[111.02185327340987,-7.8686800506437748],[111.02187487602475,-7.8687159488819134],[111.02189648043827,-7.8687781738735794],[111.02192288723154,-7.868847579052499],[111.02193009259975,-7.8689193782266784],[111.02193729616937,-7.8689911765015381],[111.02194450153758,-7.8690749429542279],[111.02195170600646,-7.8691563154116011],[111.02195650928553,-7.8692185422019065],[111.02197798149871,-7.869350371122664],[111.02210599999199,-7.8694390002096384],[111.02226600017582,-7.8694650005093081],[111.02262200040508,-7.8694150000022205],[111.02300900026523,-7.8692759998874635],[111.02344200044803,-7.8690750005108043],[111.02351500021717,-7.8689500001423198],[111.02350400060919,-7.8688340001888832],[111.02349441023892,-7.8687122715540454],[111.0234584022835,-7.8686189345161779],[111.02341519255714,-7.8685004668230363],[111.02336838194532,-7.8684035405908617],[111.02331437226053,-7.8683030224664776],[111.02324016919852,-7.8682106620923378],[111.02318114849129,-7.8680833225872107],[111.02314946267762,-7.8680072165597608],[111.02314657945112,-7.8679512139772783],[111.02316673775482,-7.8678808492217627],[111.02319265621617,-7.8678363318811648],[111.02324737816406,-7.8677824795777269],[111.02332514254135,-7.8677379595391699],[111.02337698575934,-7.867717851597547],[111.02344610945045,-7.8676948721205804],[111.02350083229766,-7.8676661495730968],[111.02357427543251,-7.8676374261262936],[111.02362899917904,-7.8676101388967368],[111.02369092199854,-7.8675814145506138],[111.0237571651611,-7.8675483842504832],[111.0238003676929,-7.8675225332382865],[111.0238594117825,-7.8674981175440166],[111.02390837357262,-7.86747226653182],[111.0240669375392,-7.8673883382011809],[111.0240990001688,-7.8673620006557599],[111.02411399996117,-7.867351000148517],[111.02426700072158,-7.8673010005406923],[111.02441599410292,-7.8672562241953301],[111.02465300053558,-7.8671850005872557],[111.02491682744972,-7.8671407215670115],[111.02522499993387,-7.8670890006567902],[111.02551047263029,-7.8670061928814334],[111.02563288025328,-7.8669774658373512],[111.02574808880331,-7.8669595090740359],[111.02584889561012,-7.8669487324979741],[111.02594250244459,-7.8669379568211752],[111.02600730759121,-7.8669379532238963],[111.0260613127794,-7.866948719907441],[111.02611891705442,-7.8669558955980392],[111.02616932225646,-7.8669738424687807],[111.02619812754159,-7.8670133316998658],[111.02624133456999,-7.8670707687009553],[111.02627014075443,-7.8671353858892985],[111.02627014345239,-7.8671748760196465],[111.02627014794905,-7.8672682148562103],[111.02627375243179,-7.8673148851737551],[111.02626957328226,-7.8673767396447829],[111.02629176045644,-7.8674369429605235],[111.02631336576928,-7.8674764312922321],[111.02634576924191,-7.8675015592494901],[111.02638897447167,-7.8675302755017924],[111.02644658144465,-7.8675554025597307],[111.02649338396259,-7.8675482205738945],[111.02654935506877,-7.8675282322420799],[111.0265942833995,-7.8674922395751423],[111.02662231706631,-7.8674593001065887],[111.02666263727093,-7.8674219611545482],[111.02668855753097,-7.8673827084451773],[111.02672503763046,-7.8673329255740327],[111.02675191656778,-7.8672840995814681],[111.02677975508169,-7.8672352744882801],[111.02682062207413,-7.8671377556028688],[111.02687248507721,-7.867027527498351],[111.02690320322029,-7.8669681722433324],[111.02693008125829,-7.8669069005329675],[111.02696464040588,-7.8668398866514053],[111.02697231701887,-7.8667881900229304],[111.02696271405807,-7.8667518115468056],[111.02692430940942,-7.86672118063791],[111.02687630359861,-7.8666886341731015],[111.02683021694099,-7.8666560877082361],[111.0267898931391,-7.8666292852133211],[111.02674380648153,-7.8665929085358357],[111.02670348267964,-7.8665699362534838],[111.02662238001886,-7.8665266338969673],[111.02657290741382,-7.8664876141120317],[111.02652681895756,-7.8664282615549723],[111.02650761573392,-7.8663803969377],[111.0264845706065,-7.8663267874512144],[111.0264672865361,-7.8662942400870861],[111.02644808241314,-7.8662482892271441],[111.02642695823761,-7.8662119125496588],[111.02641735527681,-7.8661697901036973],[111.02641543252628,-7.8661295832136489],[111.02641926903408,-7.8660855452117175],[111.02644806892329,-7.8660510795936034],[111.02648263076884,-7.8660242726020329],[111.02652871203048,-7.8659955500545493],[111.02657479419145,-7.8659706559209894],[111.02662507258907,-7.8659494948732345],[111.02663051348748,-7.8659480145891507],[111.02668807999095,-7.8659323555937135],[111.02673224299866,-7.86591703654193],[111.02678792722111,-7.8659170320453313],[111.0268397704391,-7.8659112844781589],[111.0269088941302,-7.8658940480718229],[111.02695305803724,-7.8658902160605635],[111.0269991401982,-7.8658748961095171],[111.02702794278537,-7.865863405471714],[111.02706442378417,-7.8658385131368505],[111.02709130452013,-7.8658231940850669],[111.02711494140146,-7.8657570165730135],[111.02712646621353,-7.8657233009894867],[111.02713653951974,-7.8656938320046947],[111.02715093766568,-7.8656493155634166],[111.0271696561548,-7.8656205948145725],[111.02721141797264,-7.8655961800196224],[111.02728918324925,-7.8655818151486301],[111.02736839013915,-7.8655976054450889],[111.02742599531348,-7.8656162699748506],[111.02747783943079,-7.865627753418039],[111.02751096415972,-7.8656464206457599],[111.02756857023337,-7.8656794446505955],[111.02760457549084,-7.8657124695548077],[111.02763338077597,-7.8657512402274961],[111.02765354447558,-7.8657914462182248],[111.02767082854598,-7.8658244729210196],[111.02768811171705,-7.8658618082757812],[111.02770683650135,-7.8659077582364034],[111.0277370851984,-7.8660039686081973],[111.0277702135246,-7.8660915616761713],[111.02779613918057,-7.8661576150818178],[111.02784151177639,-7.86628541593916],[111.02785591711694,-7.8663500340268229],[111.02788328618476,-7.8664534245858135],[111.02791065345394,-7.8665352745832138],[111.02794522159473,-7.8666056348421307],[111.02798122595289,-7.8666458408328594],[111.02804315326898,-7.8666716846504983],[111.02810939912951,-7.8666802965583997],[111.02817276176359,-7.8666458282423264],[111.02821016366818,-7.8666247859051168],[111.02824200056796,-7.8667450000816643],[111.0283120001987,-7.866672999459297],[111.02856583204755,-7.8663200955958814],[111.02899690228526,-7.8661020882407229],[111.0290940722337,-7.8660631134218875],[111.02917799426911,-7.8659210924843705],[111.02917560207243,-7.8658932989365553],[111.0295009606009,-7.8651494004244569],[111.0296085716783,-7.865102320915355],[111.03002406745679,-7.865229810607218],[111.03041467359839,-7.8652993075169775],[111.03065338874296,-7.8651550931330121],[111.03070523196095,-7.8651522171010697],[111.0307541946504,-7.8651292376241599],[111.0308405979153,-7.8651005105800778],[111.03089532076251,-7.8650717871332176],[111.03123572674747,-7.864597165426801],[111.03123408998135,-7.8645569306577841],[111.03123860008139,-7.864513877413458],[111.03126019819967,-7.8644751049420734],[111.03128035740264,-7.8644420755413194],[111.03130627766262,-7.8644061746052216],[111.0313293164948,-7.8643731434057713],[111.03135955619859,-7.8643530381621076],[111.03140275693175,-7.8643257509326077],[111.0314315586196,-7.8643099525422144],[111.03147620006666,-7.8642955894698048],[111.03151796278382,-7.8642797910794684],[111.03155108391547,-7.8642697366589687],[111.03159284663263,-7.8642625528744929],[111.03164901019375,-7.8642568044079439],[111.03168789148305,-7.8642524939573946],[111.03174117631431,-7.8642524894607959],[111.03177861958767,-7.8642524876621565],[111.03183478314878,-7.8642539184834845],[111.03185638576366,-7.8642539175841648],[111.03194163969499,-7.8642510388543201],[111.03232798305004,-7.8642094784846108],[111.03257983728975,-7.8638935376565655],[111.03282552847543,-7.8635200132379737],[111.03312868993714,-7.8629705715346176],[111.03311557962036,-7.8628864732320949],[111.03310901906605,-7.8628443921549547],[111.03308597573727,-7.8628142378867096],[111.03306149259384,-7.8627927000230216],[111.03303700855116,-7.8627625466541531],[111.03299204065024,-7.8627398459670985],[111.03294483703468,-7.8627079865842688],[111.03291171410439,-7.8626936289077776],[111.0328785911741,-7.8626835789839333],[111.03283394702908,-7.862672095540745],[111.03278354272635,-7.8626620465161636],[111.03273313842368,-7.8626519992902786],[111.03268273412095,-7.8626448235996804],[111.03265681206227,-7.8626390805291066],[111.0326222493174,-7.8626333392571723],[111.03257040520009,-7.8626275988845578],[111.03253584245522,-7.862620422294583],[111.03249983899644,-7.8626132457046651],[111.03248255852333,-7.8626118094873618],[111.03244511345127,-7.8625960164929438],[111.03233624062506,-7.8625594086897195],[111.03227719473682,-7.8625306915381543],[111.03222678863546,-7.8624991046498849],[111.03218214359111,-7.8624746961502865],[111.03215189849141,-7.8624416694474348],[111.0321187746618,-7.8624100816599025],[111.03209140919125,-7.8623713109871574],[111.03207268530622,-7.8623311049964286],[111.03206260030879,-7.8622865894544702],[111.0320755586402,-7.862244944548479],[111.03211011868711,-7.8622162229003152],[111.03214611944793,-7.862200424509922],[111.03220804226737,-7.8621803156689793],[111.03224260411292,-7.8621745690011267],[111.03229444643159,-7.862174564504528],[111.03234053129057,-7.8621759971244956],[111.03247151394925,-7.8621723584675465],[111.0326580000667,-7.8621899995687841],[111.03273764672508,-7.8622008390973974],[111.03293102344804,-7.8622271568577844],[111.03299599946587,-7.8622359998914249],[111.03307570547946,-7.8622563560459753],[111.03347704053306,-7.8621013120258567],[111.03355448475173,-7.8619534616828446],[111.03354889726387,-7.8619418352474781],[111.03370546743344,-7.8617800849829109],[111.0342329126189,-7.8615712938800471],[111.03430049756997,-7.8615757662086025],[111.03435157546488,-7.8615813366093334],[111.03439045855288,-7.8615741528248577],[111.03441925844209,-7.861564098404358],[111.03444949994451,-7.8615439922613746],[111.03447254057534,-7.8615325025229481],[111.03450134046454,-7.8615210118851451],[111.03452582090995,-7.8615052134947518],[111.0345445411977,-7.8614865444683915],[111.03457190127227,-7.8614635658908014],[111.03459350118919,-7.8614420244298344],[111.03460790023445,-7.8614190485502036],[111.03462373819502,-7.8613874544673763],[111.03463525671179,-7.8613572975012289],[111.03464821414383,-7.8613257052170979],[111.0346582919467,-7.8612883680636969],[111.03466548922103,-7.8612495955923123],[111.03465540602224,-7.861222312859411],[111.03463956356507,-7.8611921585912228],[111.03462516002315,-7.8611677464942318],[111.03459491672209,-7.8611433379946334],[111.03457619373643,-7.8611275441008388],[111.03451426462169,-7.8610643649284384],[111.03439190376344,-7.8609199652840971],[111.03423197912258,-7.8607312371568128],[111.03422045610921,-7.8607053906412148],[111.03420173222423,-7.8606680561857729],[111.03411208060811,-7.8604547342985143],[111.03410954541926,-7.8604239451089484],[111.03488686993319,-7.8600882875443858],[111.03572299931704,-7.8601380479325371],[111.03575324441675,-7.8601753805892827],[111.03595509725,-7.8603811796476748],[111.03599221856609,-7.8604001994096393],[111.03609800042244,-7.8604070000829438],[111.03627453554145,-7.8602671959742452],[111.03627657970043,-7.8602521620076118],[111.03708643179345,-7.8596432301508798],[111.03714259265661,-7.8596101971528469],[111.03719155174878,-7.859565677114233],[111.03723474978392,-7.859521157075676],[111.0372750681899,-7.8594809465883486],[111.03734042102366,-7.8594222631268735],[111.03740322517876,-7.8593624645060913],[111.03743922414094,-7.8593236902360673],[111.03747378148989,-7.8592791710968299],[111.03751122026665,-7.8592303442050024],[111.03753425819951,-7.8591886975003149],[111.03756599527452,-7.8590275075134173],[111.03737800009469,-7.8587430006888894],[111.03729944970991,-7.8586970714126778],[111.03696413928367,-7.8585035660866538],[111.03681439766638,-7.8579897069593585],[111.03684463557153,-7.8579451878201212],[111.03690116425736,-7.8578958249323136],[111.03699583049325,-7.8578066004941434],[111.03702961262655,-7.8577528965788588],[111.03708079844017,-7.8576715205242067],[111.03718287778764,-7.8575092342637163],[111.03718862805283,-7.8574983075008618],[111.03722360178784,-7.8574318610914702],[111.03725500701302,-7.8573721901743738],[111.03730626747034,-7.857290348270908],[111.03723782276739,-7.856914174449571],[111.03722169072853,-7.856825508490374],[111.03722826027604,-7.85648340458539],[111.03754234850066,-7.8561478999056362],[111.03798387065916,-7.855930642585065],[111.03798643642494,-7.8559311048365998],[111.03858045752213,-7.8558161705797716],[111.03840797025168,-7.8554506528253114],[111.03822886397097,-7.8554082542874539],[111.03817499997632,-7.8553990002636169],[111.03811490367991,-7.855379318600626],[111.0379460002078,-7.8553239995029003],[111.03752700067059,-7.8548949995045518],[111.03762033770846,-7.8545272424382233],[111.03770916914289,-7.8541772415863988],[111.03779399949354,-7.853842999554729],[111.03779031676976,-7.8530290771301452],[111.03714999947294,-7.8526229990521301],[111.03758998558942,-7.8523533706115245],[111.0380562184198,-7.8520984298985468],[111.03846346921381,-7.8521443942483415],[111.03869189791283,-7.8520587320248296],[111.03904405803689,-7.8518778936498279],[111.03932959368586,-7.8516304299003536],[111.03950091543499,-7.851335377625503],[111.03953898643516,-7.8511164655524226],[111.03963416348591,-7.850402628678296],[111.03977693265938,-7.8501504048172706],[111.04043366348287,-7.8495031915190339],[111.04046304523342,-7.8494666026015807],[111.04077541845083,-7.8490776098437891],[111.04093810850696,-7.8488750141705168],[111.0399672894589,-7.8484467111467779],[111.03935814626152,-7.8480659975476783],[111.03892032661184,-7.8476662470995961],[111.03804420797388,-7.8472736354698327],[111.03807871046416,-7.8470594862062626],[111.03829286242575,-7.8468239186888695],[111.03865105520208,-7.8468433530382526],[111.03892742855805,-7.8465846684476332],[111.03896515511786,-7.846519839918642],[111.03898719480327,-7.8464914869924769],[111.03901399999614,-7.846457000690009],[111.03902000656814,-7.8464178181277475],[111.03872772780244,-7.8460443458698137],[111.03864621145357,-7.8459798051238749],[111.03843205949204,-7.8458441756681054],[111.03826073954156,-7.8455622085290315],[111.03829500461086,-7.8454836869225915],[111.03854955501799,-7.8452704684573291],[111.03873327931746,-7.8452486994678452],[111.03892000015793,-7.845189999818615],[111.03898344013373,-7.84515777081441],[111.03919511356372,-7.8450502370787376],[111.03930588306014,-7.8449722721525745],[111.03935412359397,-7.8449327694316935],[111.03927010712982,-7.8446865665317773],[111.03908917072869,-7.8439963368614372],[111.03932007526134,-7.84374430095869],[111.0395056737479,-7.8437228854027694],[111.0399319254181,-7.8435662936494737],[111.04033372542114,-7.8433731048848472],[111.04055668624216,-7.8432249145980677],[111.04044133020329,-7.8431106548327989],[111.04041653949179,-7.8430861006430064],[111.04024424467622,-7.8429154425935508],[111.04029435310196,-7.8426812600320659],[111.04031522097074,-7.8426019614113329],[111.04027364441322,-7.8423182612787059],[111.04026174728187,-7.8421457506258321],[111.04032123473723,-7.8418959054716311],[111.04042831071803,-7.8417352928494211],[111.04058892244086,-7.841592524575276],[111.04077977116958,-7.8414287292524136],[111.04101265151274,-7.8413765712717236],[111.04104650918913,-7.8413645761142448],[111.04108266103606,-7.8412772465476337],[111.04116594275411,-7.841104734995497],[111.04113444849605,-7.8406448855529902],[111.04103903672222,-7.8404038159832794],[111.04096299994256,-7.8401670002068613],[111.04093313705471,-7.8400653660237936],[111.04091689080195,-7.8400100721070771],[111.04086616454191,-7.8398374328511977],[111.0408440007501,-7.839761999516611],[111.04076717796295,-7.8396840606708338],[111.04036300015241,-7.8392739994954468],[111.04011100022257,-7.8390440005800883],[111.03971700003956,-7.8386370006969628],[111.03920400066414,-7.8381039994999355],[111.03872800029706,-7.8375640006780145],[111.03857497525496,-7.8373962204591407],[111.03830095722344,-7.8376212829957694],[111.03801542247385,-7.8376284209148253],[111.03768705661241,-7.8373785775592637],[111.03760853320728,-7.8371501488602462],[111.03774416356237,-7.836893167585572],[111.03791800071519,-7.8366599994593571],[111.03761699942504,-7.8360959995306985]]]},"properties":{"FID":4,"OBJECTID_1":17775,"NAMOBJ":"Kerjo Kidul","FCODE":"BA03070040","REMARK":"Wilayah Administrasi Kelurahan/Desa","METADATA":"TASWIL1000020221227_DATA_BATAS_DESAKELURAHAN","SRS_ID":"SRGI 2013","KDBBPS":"3312","KDCBPS":"3312150","KDCPUM":"33.12.13","KDEBPS":"3312150003","KDEPUM":"33.12.13.2002","KDPBPS":"33","KDPKAB":"33.12","KDPPUM":"33","LUASWH":0,"TIPADM":1,"WADMKC":"Ngadirojo","WADMKD":"Kerjo Kidul","WADMKK":"Wonogiri","WADMPR":"Jawa Tengah","WIADKC":" ","WIADKK":" ","WIADPR":" ","WIADKD":" ","UUPP":"Hasil Delineasi Batas Desa 2017","LUAS":9.1713730699999996,"SIGCODE":16176,"Shape_Leng":0.169897192083,"Shape_Area":0.00075195537473799997}},{"type":"Feature","id":5,"geometry":{"type":"Polygon","coordinates":[[[111.03761699942504,-7.8360959995306985],[111.03767599944786,-7.8359850007071827],[111.037663000647,-7.8358540000619996],[111.03756500062434,-7.8356369999475532],[111.03736800053287,-7.8351489999263322],[111.03740800057881,-7.8349629994428369],[111.0377149994477,-7.834249000690761],[111.03782000069253,-7.8342060005064695],[111.03817900016077,-7.8340820001841394],[111.03822500048346,-7.8338280001620433],[111.0382219994458,-7.8337759995627039],[111.03826700062166,-7.8334639995638895],[111.0383080007137,-7.8334039985955997],[111.03883699992764,-7.8326249995440662],[111.03902900068789,-7.8323579998217951],[111.03910900077983,-7.8322249999837368],[111.0394220143146,-7.8322391697018929],[111.0395950007088,-7.8322469991995831],[111.03983000075397,-7.8322790006752712],[111.04002600079934,-7.832222999891485],[111.04012300077591,-7.8321320001916206],[111.04016100072965,-7.8320320000767083],[111.03999500026913,-7.8317230002162432],[111.03973399992424,-7.8314680001480497],[111.03950200001736,-7.8311970002413318],[111.03942190729526,-7.8310980901047174],[111.0393360004561,-7.8309920006802258],[111.03917799946515,-7.8309050002654885],[111.03902800064179,-7.8308520005193714],[111.03901299995005,-7.8305790005204017],[111.03905100080311,-7.8304840006360905],[111.03942184164475,-7.8303940765253515],[111.03951700070905,-7.8303709999216835],[111.03966499944022,-7.8303209994145391],[111.03973499997034,-7.8302539999220926],[111.03974000020094,-7.8301189999917824],[111.03957400063967,-7.8299100002462865],[111.03942178228948,-7.8297705918392921],[111.0393720003176,-7.8297250007081516],[111.03933800054836,-7.8296470007084622],[111.03938700011003,-7.8295560001092781],[111.03942176070575,-7.8295376962076944],[111.03959400066265,-7.8294469995793179],[111.03972700050076,-7.8293959999253957],[111.04029089610805,-7.8297547062146577],[111.04069540396978,-7.8296000426078081],[111.04086196650661,-7.829481068596408],[111.04148062543055,-7.828874305904435],[111.04283691908859,-7.8275061160143764],[111.04328098542919,-7.827062047875188],[111.04335415427084,-7.8269888808321184],[111.04363403858008,-7.8267089965229388],[111.04396913766561,-7.8263453790359563],[111.04475238511452,-7.8254954711390496],[111.04621575295471,-7.8239666668281416],[111.04735789465116,-7.8228245260310132],[111.04572000077746,-7.8198189998469161],[111.04559000017844,-7.8199140006306038],[111.04538884611844,-7.8200462855076012],[111.04537005118698,-7.8200586466891195],[111.04518399944209,-7.8201809994534983],[111.04489800064226,-7.8204369995678462],[111.04461393358622,-7.8206998812944448],[111.04424100002217,-7.8210450006262136],[111.044115101231,-7.8210790435629747],[111.04404499997685,-7.8210979994730678],[111.04387200009279,-7.8212429989652037],[111.04375700018545,-7.8212809998182138],[111.04350200011726,-7.821360999910155],[111.04339990817925,-7.821825322580537],[111.04339800071722,-7.8218340001389492],[111.04317200018772,-7.8220239999076284],[111.04301300005,-7.8220819998843467],[111.04276336713576,-7.8220392775905339],[111.04271500069677,-7.8220310002304245],[111.04253196347941,-7.8218254116134176],[111.04236600079037,-7.8216390001397258],[111.04241300025984,-7.8208729998889908],[111.04222999991464,-7.8199889995926242],[111.04211515199273,-7.8196807686525176],[111.04186742564121,-7.8189074020548901],[111.0419280984031,-7.8188858974661457],[111.04205540193533,-7.8188407775797941],[111.04230450424956,-7.8188055304508453],[111.04280300025829,-7.8187349984214052],[111.04286983517483,-7.81869904352601],[111.04300097611423,-7.8186284935101185],[111.04311900044155,-7.8185649995750168],[111.04324390728056,-7.8184562850294697],[111.0432935417636,-7.8184130842963668],[111.04335261373222,-7.8183412626391373],[111.04336474828455,-7.8183166410001377],[111.04337237993144,-7.8183011555738062],[111.04338724752353,-7.8182709905137813],[111.04334863962805,-7.8180912475129958],[111.04324632196023,-7.817938960814331],[111.04310593509092,-7.8178842325712026],[111.04293324547297,-7.8178223304361723],[111.04258525370653,-7.8176937552625532],[111.0424809692214,-7.8176389910465787],[111.04242743168066,-7.8175438121971297],[111.0424471601084,-7.817201512239933],[111.042445254445,-7.8171648172025243],[111.04244407993042,-7.8171097975790644],[111.04257483595995,-7.8167068932085044],[111.04262671155357,-7.8163050050718539],[111.04267032327687,-7.816130514111876],[111.04267478211557,-7.8161126715625073],[111.04284705714605,-7.8155857129102628],[111.04293953443204,-7.8153675949384933],[111.04291490829644,-7.8152885966913459],[111.04277599991252,-7.8148430006039575],[111.04215299996105,-7.8144869994753776],[111.04153000000957,-7.8141649999147944],[111.04089300031177,-7.8138429994548346],[111.04064200042802,-7.813683000170272],[111.04030403160584,-7.8134539536370085],[111.03919717391051,-7.8124160946269967],[111.03793130168827,-7.8112263635058525],[111.03645784975004,-7.8098235038515895],[111.03645632360053,-7.8098220505471545],[111.03630193968286,-7.8096750626539801],[111.03539003612133,-7.8088849731629466],[111.03515367720053,-7.8100586235066203],[111.03511401799761,-7.8102555435584691],[111.03503483359077,-7.8105722892796621],[111.03493318052193,-7.8109788988570585],[111.03483527043147,-7.8112966859932271],[111.03464600001297,-7.8119110002923549],[111.03453599943691,-7.8122880005906836],[111.03442400056724,-7.8126580005662163],[111.03428700054468,-7.813070000679943],[111.03418700042977,-7.8137230002162141],[111.03408740770777,-7.8137929521829506],[111.03401900077631,-7.8138410002619025],[111.03388700008503,-7.8140069998231638],[111.03380100061577,-7.814231999407184],[111.03366899992449,-7.8146270005356087],[111.03352199944078,-7.8147899999584638],[111.03334500027159,-7.8148750002810061],[111.03275800018162,-7.8150750005108307],[111.03241500055191,-7.8150429999344624],[111.03191300078441,-7.8147999995202895],[111.03156700011704,-7.8145820002590654],[111.0312090006949,-7.8143060001217464],[111.03106435193837,-7.814181568124809],[111.03079400044282,-7.8139489998464455],[111.03058400065117,-7.8137620002161157],[111.03057809570259,-7.8137577940868823],[111.03037900019075,-7.8136160006778255],[111.02997500044597,-7.8133980005172816],[111.02964000028584,-7.8131219994806429],[111.02953300074745,-7.8128560007038459],[111.02953623830683,-7.8127649974066458],[111.02954200026318,-7.8126029998285276],[111.02943200058644,-7.812360999460509],[111.02930700021795,-7.812163000222256],[111.02930600017186,-7.8120080002689747],[111.02940100005617,-7.8117859999239272],[111.02998000067657,-7.8113440002254038],[111.03029200067533,-7.8111250000187056],[111.03049300005199,-7.810817000204338],[111.03061500028213,-7.8105520005743188],[111.03043600012137,-7.8101099999764756],[111.03019400065267,-7.809800000069913],[111.0300010034436,-7.8096191616949113],[111.02993176553861,-7.8095542846024841],[111.02971282019058,-7.8091827566788083],[111.02968489354305,-7.8091353669036039],[111.02948747616614,-7.8088003685421086],[111.02941808447707,-7.8086826194073069],[111.02890174142232,-7.808872977106148],[111.0285947911168,-7.8089871910059969],[111.02775181879144,-7.8093143949433284],[111.02753900052454,-7.8093969994719146],[111.02717599997248,-7.8097699995857397],[111.02683399948955,-7.8102769995838344],[111.02655400006711,-7.8106240002973095],[111.02639700002157,-7.8107639995589011],[111.02598000057662,-7.8110100001113665],[111.02553000050915,-7.8112409999721422],[111.02475600078884,-7.8113969999715209],[111.02448000065158,-7.8114529998559874],[111.02410299945393,-7.8115219994406857],[111.02381200042356,-7.8117110000625303],[111.02360599991704,-7.8119380006381789],[111.02345800028655,-7.8123100007059065],[111.02289800054234,-7.8125059998519646],[111.02239400068265,-7.8126200006124691],[111.0219600004537,-7.8126770005430899],[111.02161900001693,-7.8127429990900623],[111.02147200043254,-7.8127709994819838],[111.02119100006468,-7.8128869994354204],[111.0207540005967,-7.81297300070338],[111.02039400018305,-7.8130010001959818],[111.01963000002456,-7.8129759999424095],[111.01939399993319,-7.8129549998732841],[111.01931100060227,-7.8129240002423899],[111.01919100046439,-7.8128779999196922],[111.01889100011959,-7.8127350005198082],[111.01861700007453,-7.8127170005890321],[111.01856300028231,-7.8127240000125653],[111.01843700076705,-7.8127880002659253],[111.01806200056092,-7.8129739998501577],[111.01663900058946,-7.813715999893418],[111.01601700068409,-7.8142450000066788],[111.0154604669271,-7.8151486549863876],[111.01533400066364,-7.8153539998871224],[111.01506499994986,-7.8156150002320146],[111.01502200066489,-7.8156410005316843],[111.01470800057382,-7.8158329994932956],[111.01418699993019,-7.8161129998150614],[111.01361000030136,-7.8163860007132939],[111.01354299990959,-7.8164179994910228],[111.01306300025732,-7.8167829992359543],[111.01266100060474,-7.8171679999032335],[111.01234299942996,-7.817613000639426],[111.01211500060685,-7.8180820006837166],[111.01197900063045,-7.8185270005205894],[111.01174400058522,-7.8193809994335197],[111.01160000023987,-7.8199169998695766],[111.01143699991769,-7.8207440002353792],[111.01105800042643,-7.8209080006037084],[111.01053200045152,-7.8210599995193206],[111.01028300066002,-7.8210889999573396],[111.01030500077525,-7.8211050006951837],[111.01034300072894,-7.8211389995651075],[111.01039700052121,-7.8211869999800001],[111.01089800024261,-7.8216349999552222],[111.01102700079554,-7.8217499998625613],[111.01134500017167,-7.8220609998152213],[111.01153300074742,-7.8222440001604241],[111.0116850140522,-7.8222723935560907],[111.01212287776866,-7.8223541752049641],[111.01213800076818,-7.8223569999755114],[111.01296600028076,-7.8225429995597437],[111.01332200050996,-7.8227159994437443],[111.01355700055518,-7.8228900002732189],[111.0137920006004,-7.8232679988190625],[111.0138680005079,-7.8235549985643047],[111.01386000013895,-7.8238419992088666],[111.01378300018536,-7.8242800005215827],[111.01364099993225,-7.824828000611717],[111.01317000069503,-7.8252119994342024],[111.0130390000499,-7.8253280002869587],[111.01299699991165,-7.8254450002864928],[111.01319500004928,-7.8258730002387438],[111.01327800027957,-7.8260409998922],[111.01330100044089,-7.8263259995451904],[111.01329400011809,-7.8263539999371119],[111.0132590003027,-7.8265070006974611],[111.01316700055668,-7.8266040006740241],[111.01292500018866,-7.826682999820548],[111.01247700021344,-7.8265059988527241],[111.01222699947652,-7.8264460005823935],[111.01190200067686,-7.8263129998450154],[111.01165500007824,-7.8261869994304334],[111.01146400026346,-7.8261650002145302],[111.01139799991785,-7.8261830001453063],[111.0113260001948,-7.8263950000292084],[111.01132099996425,-7.8265969985525885],[111.01139200054047,-7.8269710005112074],[111.01139899996394,-7.8271719998878098],[111.01135899991795,-7.8273069998181199],[111.01121700056416,-7.827434999425634],[111.01115919843829,-7.827451211504183],[111.01101916949915,-7.827490480401309],[111.01090992795088,-7.8275211185047624],[111.01072291393137,-7.8275251636553094],[111.01056991856694,-7.8275550840997994],[111.01042292168057,-7.8276029541129901],[111.01027892493249,-7.827656806416428],[111.01018292769999,-7.8277076675747708],[111.01009592998327,-7.8277615198782087],[111.00987900001587,-7.8279119998388751],[111.00981259947196,-7.8279689134345745],[111.00968449194579,-7.8280830194157716],[111.0095550480271,-7.8281983152000407],[111.00949205141711,-7.8282940489311841],[111.00942305453043,-7.8283688419484747],[111.00939605598325,-7.8284436340663888],[111.00938705916553,-7.8285633005558566],[111.00938406262446,-7.8286949334244014],[111.00938471103564,-7.8287398428694246],[111.00934373162795,-7.8288219419790153],[111.00931125171297,-7.8288870142242786],[111.00904699941952,-7.8290580005262314],[111.00891007673869,-7.82906291801919],[111.00882907660065,-7.8290599286727343],[111.00876007701601,-7.8290389879588815],[111.00871507673946,-7.8289641985388698],[111.00864007507948,-7.828901374598729],[111.00857407563313,-7.8288385515578511],[111.00852607521824,-7.8288086356100166],[111.0084570756336,-7.8287817126059167],[111.0083640767408,-7.8287697471261026],[111.00827407798636,-7.8287936825823294],[111.00814808116905,-7.8288714685434115],[111.0080820835214,-7.8289133526690193],[111.00804608455923,-7.8289522438509493],[111.00797708677322,-7.8290090872994824],[111.00795908774177,-7.8290599466591857],[111.00793794468046,-7.8292427095833546],[111.00790500071525,-7.8292830001103084],[111.00750324298036,-7.8296517095586751],[111.00734470419479,-7.8297972054766092],[111.0072373089547,-7.8298407821263254],[111.00714131172219,-7.8298796751068949],[111.007030313798,-7.8299395105998997],[111.00696731449005,-7.8299903690602264],[111.0069253161505,-7.8300442195650248],[111.00688331691163,-7.8301100364489571],[111.00685031808774,-7.8301638869537555],[111.00680231947155,-7.8302356879266313],[111.00677647115725,-7.8303946170179302],[111.00676934672805,-7.830403357528894],[111.00673332618214,-7.8305498130234241],[111.00671232701234,-7.8306186219517713],[111.00669132874191,-7.83067247155725],[111.00662832943391,-7.8307143565822344],[111.00658333005669,-7.8307323070503116],[111.00642700000611,-7.8307719995281104],[111.00633306042243,-7.8307618560747301],[111.00624553210571,-7.8307038911715949],[111.00617953265936,-7.8306350840418304],[111.00612553196777,-7.8306051680939959],[111.0060175332826,-7.8306470531189802],[111.00598453445878,-7.8307278275271983],[111.00597253570402,-7.8307876621208834],[111.00596815240834,-7.8309069419017874],[111.00595753950893,-7.8310389605795194],[111.00595154013155,-7.8311257190766241],[111.00593654123844,-7.8311915359605564],[111.00591254193034,-7.8312453855660351],[111.00586754345244,-7.8312962449257384],[111.00579257866463,-7.8313510487118947],[111.00568592716388,-7.8314433164558181],[111.00543199998685,-7.8316630001472731],[111.00532299945689,-7.8317649994551175],[111.00530299943392,-7.8318639995239323],[111.00537299996404,-7.8319979994080882],[111.00555500026309,-7.8321400005605142],[111.00569670553858,-7.8322261834915139],[111.00572600005489,-7.8322439999606104],[111.00582099993926,-7.8323650001445912],[111.00585300051563,-7.8324869994754067],[111.00577768948887,-7.8325978139379231],[111.0057129994554,-7.8326929999819299],[111.00531000065604,-7.8328949994046297],[111.00500400003466,-7.8331609999801231],[111.00486000058862,-7.8332759998874621],[111.00452800056684,-7.8336069998630933],[111.00439500072878,-7.8337800006464704],[111.00445599994453,-7.8339979999076945],[111.00449800008272,-7.8341110006221584],[111.00442400026748,-7.8343320000217318],[111.00434300012944,-7.8344400005055945],[111.00419500049895,-7.8345039998596349],[111.00388400054624,-7.8346860001587402],[111.00363900003987,-7.8348659994662739],[111.00350099997121,-7.8349929990276337],[111.00336300080193,-7.8351520000646815],[111.00326699997214,-7.835332000271535],[111.0031930001569,-7.8355759998324856],[111.00317799946515,-7.8357349999702137],[111.00320000047969,-7.8359479999002133],[111.00331100020259,-7.8360769995538249],[111.00343800066327,-7.8361210006835904],[111.00362293994681,-7.8362276746673842],[111.00396624624534,-7.836425693690785],[111.00407600040717,-7.8364890005668713],[111.00416200077575,-7.8365349999901923],[111.00442300022132,-7.8366830005199972],[111.00455100072816,-7.837044000080482],[111.00458226026313,-7.8372055084274166],[111.00458700058965,-7.8372300005640341],[111.00459138478465,-7.8372118495471454],[111.00525082166814,-7.8371305850084241],[111.00530800056384,-7.8372380000336079],[111.00538600056353,-7.8373780001945192],[111.00539778348099,-7.8373989148279861],[111.00550600070142,-7.8375910001245188],[111.00623600019134,-7.8383920001905949],[111.00632700079052,-7.8384919994061875],[111.00668700030491,-7.8386089994057784],[111.00674900046607,-7.8386399999359924],[111.00783899947032,-7.8391969995418549],[111.00821600066797,-7.8393529995412337],[111.00874000055063,-7.8396209984102825],[111.00874300068898,-7.8396220002550763],[111.00916700045678,-7.8399210005536588],[111.00941799944115,-7.8400979988235235],[111.00943100004071,-7.8401070001378912],[111.00968100077762,-7.8401760006219092],[111.01055999994412,-7.840442000298026],[111.01062500024364,-7.8404660005054438],[111.01066300019738,-7.8404790002056757],[111.0111490001263,-7.8406469998591319],[111.01118600003394,-7.8406740002048991],[111.01124400001066,-7.8407150002969956],[111.01166000030884,-7.8408059990975403],[111.01187900051553,-7.8408809998582001],[111.01221600076786,-7.8410179998807621],[111.01263100012062,-7.8411869995803158],[111.01268800005124,-7.841210000640956],[111.01279600053505,-7.8412539999720821],[111.01285441240128,-7.8412784957059785],[111.01285800069621,-7.8412800002717518],[111.0128619999814,-7.8412799984731123],[111.0128544133006,-7.8412978221367098],[111.01280348829039,-7.8414174562505536],[111.01254700074355,-7.8420200002227602],[111.01237299991408,-7.8425009999211852],[111.01226000009899,-7.8430169994349512],[111.01218500023765,-7.8436750001011433],[111.01216799945365,-7.844284999453123],[111.01214500019165,-7.8447100001663443],[111.01212999949996,-7.8449899995887904],[111.01216100003018,-7.8452419995186347],[111.01219200056045,-7.8454159994487895],[111.01187700042328,-7.84596000025374],[111.01125900070241,-7.8465689995596222],[111.01115500040299,-7.8468209994894664],[111.01111400031095,-7.8469500000423977],[111.01122299994154,-7.847073999465465],[111.01137400060969,-7.8472109994879702],[111.01151200067835,-7.8472250001336192],[111.01162400044734,-7.8471699984966108],[111.01172500060835,-7.8471190006413281],[111.01181800040047,-7.8470720002725329],[111.01204900026119,-7.8469389995351548],[111.01220500026062,-7.846768000642669],[111.01233700005258,-7.8466949999742042],[111.01266599993602,-7.8466759999973306],[111.0127580005813,-7.8466240002973109],[111.01274499998181,-7.8465199999979518],[111.01270200069683,-7.8461269998610987],[111.01281300041967,-7.8460199994233903],[111.01296600028076,-7.8458659995162066],[111.01310600044161,-7.8455670001168869],[111.01351600046308,-7.8446839998666746],[111.01356200078578,-7.8442440002603462],[111.01356700011701,-7.8442279995225022],[111.0144250001137,-7.8442970000065202],[111.01513600052607,-7.8443410002369092],[111.01624000017591,-7.8443700006749282],[111.01690900045008,-7.8438690000542692],[111.01704000019589,-7.8435870005395714],[111.01796400053826,-7.8439460000078611],[111.01800100044585,-7.8439500001923079],[111.01817000014546,-7.8439739995004061],[111.01819200026068,-7.8438579995469695],[111.01827600053707,-7.8435710007010471],[111.01833300046763,-7.8435190001017077],[111.01851200062839,-7.8435059995022129],[111.01876100041989,-7.8434830002402123],[111.0194650005094,-7.8432229999414744],[111.01958000041674,-7.8432159996186215],[111.01981199942429,-7.8434640002633387],[111.01981199942429,-7.8434649994101733],[111.02002699944654,-7.843662999547746],[111.02026600057553,-7.8436799994323678],[111.02079100050435,-7.8437459988787168],[111.02080799948965,-7.8437489999163859],[111.02109000080293,-7.8439090001002114],[111.02133000017943,-7.8438749994316481],[111.02156200008631,-7.8438169994549298],[111.0218240004773,-7.8438100000314535],[111.02217500047595,-7.8438359994318034],[111.02241000052118,-7.8436750001011433],[111.02254700054368,-7.8435239994329891],[111.02259700015151,-7.8430800005415335],[111.02255000068203,-7.8428309989513991],[111.02250600045164,-7.8426740007045055],[111.02250200026714,-7.8426590000128158],[111.02251900015182,-7.8424470001289137],[111.02257700012854,-7.8422140001759431],[111.02259400001316,-7.8420909998996535],[111.02294900019626,-7.8417799999469935],[111.02316500026461,-7.8416029989791696],[111.02325800005673,-7.8414750002709752],[111.02328399945708,-7.8413830005250134],[111.02322300024133,-7.8412070005026067],[111.02329900014882,-7.8404919999058507],[111.02335600007939,-7.8403250002984919],[111.02360800000923,-7.840164000068512],[111.02388799943168,-7.8400300001842993],[111.02395799996179,-7.8399920002305521],[111.02405000060708,-7.8398799995622994],[111.02424600065245,-7.8399579995619888],[111.02433500026012,-7.8399690000692317],[111.02441400030591,-7.8397009994015434],[111.02446000062861,-7.8396449995170769],[111.02462600018981,-7.8395839994020093],[111.02495000074202,-7.8392929994723204],[111.02513800041845,-7.839077999450069],[111.02546500020964,-7.8383649998448277],[111.02572900069288,-7.8379330006074497],[111.02605100025352,-7.8387489995666328],[111.02614999942301,-7.8389019994276623],[111.02682499997383,-7.8394319995870774],[111.0270270002959,-7.8396259995402033],[111.02714400029544,-7.8397509999086878],[111.0272349999953,-7.8397840005311537],[111.02735000080196,-7.8398240005770958],[111.0274610005248,-7.8398550002080469],[111.02796600043064,-7.8395050002554854],[111.02819700029141,-7.839472999679117],[111.02838499996784,-7.8394979999326893],[111.02866699948248,-7.8396729999089985],[111.02896800077269,-7.8398669998621244],[111.02933100042537,-7.839984999907756],[111.02969400007811,-7.8401229999764155],[111.03000700012302,-7.8402910005291915],[111.02993200026168,-7.8406940002278702],[111.03026700042182,-7.8405960002052097],[111.03045199995989,-7.8406030005280059],[111.03054000042073,-7.8406060006663552],[111.03090600021181,-7.8408170005041029],[111.03110499949616,-7.8409490002960638],[111.03131899947232,-7.8410430001342775],[111.03178300018538,-7.8412460005024514],[111.03204600062247,-7.8413829996256936],[111.03219599944589,-7.8414610005247027],[111.03274400043534,-7.8417699994858481],[111.03304400078008,-7.8419639985396543],[111.03325600066398,-7.8421380002684486],[111.03356900070889,-7.842099000268604],[111.03371300015488,-7.8420680006376529],[111.03382700001612,-7.842005999577168],[111.0339709994621,-7.8419240002923516],[111.03410699943851,-7.841778999900896],[111.03415600079887,-7.8416460000627808],[111.03425700006056,-7.8415920002705661],[111.03459499945973,-7.8413889990030725],[111.03463600045114,-7.8412059995571894],[111.03471100031248,-7.8403500005520641],[111.03463800054334,-7.8402530005754443],[111.03421000059109,-7.8397770002083575],[111.03419100061427,-7.8396439994709795],[111.03425100068318,-7.8395749998862811],[111.03446100047483,-7.8394779999097182],[111.03458100061277,-7.8393729995642047],[111.03471700058918,-7.8391340002338552],[111.03482200003532,-7.8390589994731954],[111.03497200065738,-7.8390430005339908],[111.03524700074854,-7.8389799994274085],[111.03536400074807,-7.838843999450944],[111.03568300017037,-7.8384039998446724],[111.03583100070017,-7.838322000559856],[111.03604300058407,-7.8381499998225763],[111.03646900044407,-7.8376939994784607],[111.0364560007439,-7.8375050006551987],[111.03639400058273,-7.8371830001952389],[111.03638099998324,-7.8371130005645],[111.03625600051407,-7.8370480002649288],[111.0360650006993,-7.8370289984894157],[111.03551600056306,-7.8370139995963655],[111.03539399943361,-7.83689200026555],[111.03535300024083,-7.8367540001968905],[111.0353780004944,-7.8366460006124044],[111.03550800019411,-7.8364120006132794],[111.03568100007817,-7.8361969996917082],[111.03580900058495,-7.8361580005911833],[111.03598600065345,-7.8361819998993383],[111.03629500051392,-7.8361939995534158],[111.03645899998293,-7.8360800005914939],[111.03659800009768,-7.8359149992777475],[111.03682600071943,-7.8356569999705243],[111.03696599998096,-7.8356089995556317],[111.037087000165,-7.8356810001779422],[111.03716200002634,-7.8357760000623102],[111.03725799995681,-7.8359989995541355],[111.03735800007172,-7.8361080000840957],[111.03750500055537,-7.8361310002454161],[111.03761699942504,-7.8360959995306985]]]},"properties":{"FID":5,"OBJECTID_1":17776,"NAMOBJ":"Kerjo Lor","FCODE":"BA03070040","REMARK":"Wilayah Administrasi Kelurahan/Desa","METADATA":"TASWIL1000020221227_DATA_BATAS_DESAKELURAHAN","SRS_ID":"SRGI 2013","KDBBPS":"3312","KDCBPS":"3312150","KDCPUM":"33.12.13","KDEBPS":"3312150004","KDEPUM":"33.12.13.2005","KDPBPS":"33","KDPKAB":"33.12","KDPPUM":"33","LUASWH":0,"TIPADM":1,"WADMKC":"Ngadirojo","WADMKD":"Kerjo Lor","WADMKK":"Wonogiri","WADMPR":"Jawa Tengah","WIADKC":" ","WIADKK":" ","WIADPR":" ","WIADKD":" ","UUPP":"Hasil Delineasi Batas Desa 2017","LUAS":11.195526510000001,"SIGCODE":16177,"Shape_Leng":0.17423755185500001,"Shape_Area":0.00091786009711700004}},{"type":"Feature","id":6,"geometry":{"type":"Polygon","coordinates":[[[111.0126090314817,-7.7816890805865455],[111.0123472082571,-7.7816399614150669],[111.01202084878321,-7.7816080606634159],[111.01189090664008,-7.7817245282643057],[111.01188781207293,-7.7817199902852963],[111.01174600067748,-7.7815119995790951],[111.01171999947843,-7.7813629999024556],[111.01170900076983,-7.781241000571697],[111.01161800017064,-7.781157000295309],[111.01143500072476,-7.7811650006642026],[111.01098200051899,-7.7813690001791542],[111.01076600045064,-7.7814470001788436],[111.01066100010513,-7.7814319994871539],[111.01064900045105,-7.7811820005488244],[111.01065600077385,-7.7810470006185142],[111.01056300008247,-7.7809339999041072],[111.010365999991,-7.7808400000658935],[111.0102260007294,-7.7808240002273692],[111.00997900013084,-7.7809459995581847],[111.00988000006203,-7.7810609994655238],[111.0098660003157,-7.7810770002033678],[111.00976999948597,-7.7812200005025716],[111.00974912352331,-7.7812284739148936],[111.00956800006321,-7.7813020006867077],[111.00927800017962,-7.781451999510125],[111.00915300071046,-7.7814690002940665],[111.00897700068811,-7.7813970005710758],[111.00879000015846,-7.7811219995805914],[111.00862100045885,-7.7809039994199907],[111.00846000022887,-7.7807689985903608],[111.00836599949133,-7.7807820000891752],[111.00823400059869,-7.78088100015799],[111.00820099997622,-7.7810170001343977],[111.00819400055275,-7.781215999418805],[111.00808200078376,-7.7813929994873092],[111.00794599990803,-7.7814830000403958],[111.00750200011726,-7.7814419999482993],[111.00734558642972,-7.7814363926753458],[111.00725100023351,-7.7814329995332514],[111.00695800021163,-7.7815920005702992],[111.00677400071964,-7.781731000685113],[111.00651900065139,-7.7816100005010753],[111.00639300023681,-7.781565000224532],[111.00604700046875,-7.7818970002463175],[111.00593899998495,-7.7819950002689779],[111.0057239999627,-7.7819989995541619],[111.00513530914725,-7.7817532265301566],[111.00511800079516,-7.7817459995781633],[111.00476899998944,-7.781548999486688],[111.00455100072816,-7.7814229999714257],[111.00435500068278,-7.7814339995793489],[111.0042000007295,-7.7815509995789398],[111.00429800075221,-7.781868999854396],[111.00437000047521,-7.7821059999918702],[111.00436300015241,-7.7822209998991525],[111.00419700059115,-7.7824169999445303],[111.00390100043086,-7.7826489998514035],[111.00366000010899,-7.7827830006349359],[111.00360213503058,-7.7827860124644417],[111.00300700057267,-7.7828169995048597],[111.00278100004317,-7.7828530002656748],[111.00248000055166,-7.7829760005419644],[111.00216399946908,-7.7830099994118882],[111.00186700016201,-7.7830670002418287],[111.00123200055646,-7.783302999433829],[111.00105902045749,-7.7829548772657517],[111.00080945049581,-7.7828017056341423],[111.00062387359293,-7.7826549146925004],[111.00041909706374,-7.782418772508322],[111.00028471316904,-7.7820358384831252],[111.00018232625342,-7.7817358750105541],[111.00002234675395,-7.781646522868698],[110.99974078161182,-7.7816720528229553],[110.9992416434871,-7.7818379894316081],[110.99900487177746,-7.7820932781821739],[110.99881929397532,-7.782323037877859],[110.99862091792107,-7.7825145035414494],[110.99835855060667,-7.7824825910986419],[110.99803219023346,-7.7825400298984277],[110.99766743510412,-7.7825144990448507],[110.99726428611797,-7.7823996169487373],[110.99685473665681,-7.7823613211180032],[110.99661796314854,-7.7826102255813794],[110.99659876262285,-7.7829931596065762],[110.9964835729586,-7.7833377969017761],[110.99627879642935,-7.7834399122221498],[110.99599083351023,-7.7832867360939417],[110.9957668627506,-7.7830697386774546],[110.99551729548688,-7.7828399744851708],[110.99537011423945,-7.7828144445309704],[110.99513973940753,-7.7829995259073712],[110.99513333443588,-7.7834399005309365],[110.99513973221292,-7.7835803089840283],[110.99481977141539,-7.7836185985194675],[110.99458939748274,-7.7836696530320069],[110.99438462545015,-7.7834718012825306],[110.99415425421552,-7.7833696832641976],[110.99384709077066,-7.7834271175673848],[110.99370630909897,-7.7833377645261521],[110.99359752530563,-7.7831016205433343],[110.99352713446973,-7.7830058886108304],[110.9934311471298,-7.7829995025250014],[110.99326476445736,-7.7830888519688983],[110.99309198220925,-7.7833951961313232],[110.99308557813697,-7.783688778014664],[110.99291279409022,-7.7839249175008831],[110.99276561194353,-7.7839185314150541],[110.99252244425548,-7.7837462078211956],[110.99226648011404,-7.7835164436289119],[110.99199131454759,-7.7834398519675574],[110.99170975030478,-7.7833313496620349],[110.99124260556187,-7.7833823969800164],[110.99115941377596,-7.783497275478851],[110.99131938698019,-7.7837844775715439],[110.99153055678983,-7.7841163579834642],[110.99160094312907,-7.7843333545006885],[110.99154974652362,-7.7844737629537235],[110.99128097603625,-7.7845631096997181],[110.99085222964675,-7.7844546019982204],[110.99064745851348,-7.784269512527942],[110.99042348865316,-7.7841227170897014],[110.99023150947664,-7.7840844185610081],[110.99009712558194,-7.7841865320827424],[110.99006512410625,-7.7843971434134005],[110.99010351256709,-7.7846843455060935],[110.98996272819738,-7.7847353991193131],[110.98978995044592,-7.7846205152245602],[110.98950198752675,-7.7845311576867289],[110.98938679696317,-7.7846268878205933],[110.9894123907693,-7.7848311202599234],[110.98929080152931,-7.7849332319830182],[110.98911162330285,-7.7849204625092625],[110.98876607049783,-7.7846396366098816],[110.98842691816782,-7.7843651905010915],[110.9881261614932,-7.7840716005238733],[110.98793418771265,-7.7840013922503886],[110.98765262257052,-7.7839567085352428],[110.98744144196905,-7.7841098738715573],[110.98729425172837,-7.7843843055911748],[110.98704305849043,-7.7846780115809224],[110.98721500077176,-7.7847830002352225],[110.98769399947855,-7.7851240006720559],[110.9878870002849,-7.7853799998870272],[110.98833500026012,-7.7865480006896064],[110.98856400002865,-7.7871140007105168],[110.98881545856665,-7.7874991398733755],[110.98903200002684,-7.7877409999471183],[110.98943313992754,-7.7880305411765107],[110.98982200048499,-7.7882759994377579],[110.98892391140947,-7.7885774171140838],[110.9887149107646,-7.7896949614532787],[110.98853730725097,-7.7904943301491585],[110.98852289291722,-7.7910974496875269],[110.9886812725228,-7.7912984931309097],[110.98864287147143,-7.791451665661782],[110.98839328712057,-7.7917819389852525],[110.98835488427056,-7.7920116968822413],[110.98832127570637,-7.7924855748493655],[110.98832126221652,-7.7929546684231354],[110.98833565316789,-7.793227509242115],[110.98851802308837,-7.7936535270885656],[110.9886428049216,-7.7938976498566035],[110.98854680768909,-7.7941896336446348],[110.98858518445877,-7.7948358334069212],[110.98861396816017,-7.7953480072047228],[110.98864755244267,-7.795817102577189],[110.98860434721291,-7.7962048200963068],[110.98845075649729,-7.7963675632124136],[110.98843635115674,-7.796597322008779],[110.98851313527302,-7.796918031042253],[110.98849393025074,-7.7971765096881427],[110.98869068842458,-7.797657960846152],[110.98830672377636,-7.7980237430012949],[110.98811951730193,-7.7987848185644566],[110.98802351107622,-7.7992778395006326],[110.98778831857612,-7.7997277802128337],[110.98754352671244,-7.800110706144153],[110.98744272799956,-7.8003213165754346],[110.98750511846652,-7.8005032116538473],[110.98772109695113,-7.8006372439136271],[110.98776428779172,-7.8008478579422444],[110.98785067307017,-7.801072833244632],[110.98805225430817,-7.8012164396868684],[110.98828743241916,-7.8013265391883806],[110.98840529306989,-7.8014523381548315],[110.98849016119203,-7.8016799511687509],[110.98843139769093,-7.8021833556773004],[110.98844578324633,-7.8026811682013317],[110.98846977356123,-7.8029923021529726],[110.98852256106738,-7.8032747162550891],[110.98868093707563,-7.8037294530517443],[110.98879612224329,-7.8039879361942326],[110.98894012348796,-7.8035044858432911],[110.98921370804624,-7.8033608946894901],[110.98952300018635,-7.8032220006947455],[110.98965200073928,-7.8031830006949008],[110.989945999908,-7.8031779995649799],[110.98996100059975,-7.8031800005565515],[110.99028883226384,-7.8032172675627862],[110.99052400048231,-7.8032439999106487],[110.9907450007812,-7.8032680001180665],[110.99096099995023,-7.8032889992878154],[110.99116399941909,-7.8032349994956007],[110.99131299999499,-7.8032429998644943],[110.99168800020112,-7.8032960005099881],[110.99175800073124,-7.8031839998416785],[110.99191200063837,-7.8029829995657565],[110.99198482593903,-7.8029407709997258],[110.99220000042976,-7.8028159999583977],[110.99238800010619,-7.8028200001428445],[110.99285500005828,-7.8028249994741259],[110.99290400051927,-7.8027450002815044],[110.99297459909855,-7.8026094679525499],[110.99306600079535,-7.8024339994294678],[110.99326600012586,-7.8023530001907488],[110.99438400042135,-7.8017640000085748],[110.99448900076681,-7.8015440006550421],[110.99464100058179,-7.8012820002640524],[110.99479000025838,-7.8011949998493151],[110.9948943494947,-7.8011925294116509],[110.99495899995793,-7.801191000564188],[110.99513100069521,-7.8011630001722665],[110.99566899942482,-7.8010419999882856],[110.99586124480066,-7.8010320858620048],[110.99646400011358,-7.8010009998961891],[110.99655500071276,-7.800997000611062],[110.99672600050457,-7.800926000034849],[110.99697000006552,-7.80088599998885],[110.99753700013252,-7.8008140002658592],[110.99755948678097,-7.8007804006948618],[110.99762400054726,-7.8006839996668305],[110.99762999992464,-7.8005529999209671],[110.99767899948631,-7.8004700005899963],[110.99777100013159,-7.8004519988606376],[110.99802300006144,-7.8005279996673949],[110.99861600042811,-7.8007879999661895],[110.99883000040427,-7.8007579994820162],[110.99886700031186,-7.8006889998973747],[110.99884600024279,-7.8005290006128689],[110.99888200010429,-7.8003689995296668],[110.99891699991969,-7.8003309995759196],[110.9989810001731,-7.8002621996407697],[110.99903700005757,-7.800201999922308],[110.99950700014801,-7.7998429995547554],[110.9995970007011,-7.7997770001084064],[110.99991900026174,-7.7995410000170864],[111.00000000039978,-7.7994729995792227],[111.00001568907288,-7.7994600394492295],[111.00039100044438,-7.7991499999724851],[111.00071199995887,-7.798960000203806],[111.00098600000393,-7.7989629985435158],[111.0011109994731,-7.7990250005033204],[111.00122100004916,-7.7990640005031651],[111.00133800004875,-7.7990880007106398],[111.00154999993259,-7.7990880007106398],[111.00177900060044,-7.7989829994658066],[111.00192014020234,-7.7988728729846457],[111.00201434958262,-7.7988711390917729],[111.002119941682,-7.7989620848322829],[111.00235992307205,-7.7993067230268025],[111.00258550631611,-7.7995891344309598],[111.00291188017917,-7.79967529308027],[111.00317585817936,-7.7996561438159233],[111.00340144142342,-7.7997662352235579],[111.00378061178588,-7.8000151396868773],[111.00409259020091,-7.8004267890649999],[111.00436137058085,-7.8006134658387509],[111.00462055069789,-7.8005608105329429],[111.00482213373454,-7.8005608078349837],[111.00499972016104,-7.8006756845351788],[111.0053405713104,-7.8007829862457925],[111.00536449507547,-7.8009724545150902],[111.00576286416492,-7.8010011689687531],[111.00621402975372,-7.8009915884909447],[111.00664598942092,-7.8007713966825918],[111.00701075804011,-7.8005512039748623],[111.00715954547672,-7.8004889744865409],[111.00737553025658,-7.8006421434201343],[111.00746192542755,-7.8007139425943137],[111.0077009967037,-7.8004911058797575],[111.00816137944418,-7.8001563979993307],[111.00877219627989,-7.7995603318437929],[111.00947772611624,-7.7989859186651529],[111.0100248709511,-7.7986029720494798],[111.01036563666486,-7.7983444835110731],[111.01114315543236,-7.7977748520277714],[111.0116902930726,-7.7972674509320541],[111.01233821953326,-7.796659527215354],[111.01288055749177,-7.7962526442440776],[111.01310871819283,-7.7960023305430468],[111.01301492699736,-7.7956495211084871],[111.01275139326225,-7.7951641228259518],[111.01304200018819,-7.7948319995970792],[111.01337900044058,-7.7942059995071986],[111.01346971595467,-7.79403640085917],[111.0134939994486,-7.7939909994850041],[111.01351000018644,-7.793959999854053],[111.01380400025448,-7.7936799995322872],[111.01373100048534,-7.79352600052448],[111.01357100030151,-7.7931880002259959],[111.01345816146505,-7.7929556540801173],[111.01335100004866,-7.7927350000201727],[111.01327700023342,-7.7925840002513382],[111.01313910808341,-7.7922222668440781],[111.01305400074159,-7.791999000253611],[111.01287099949707,-7.7918549999082529],[111.01264599991305,-7.791840000115883],[111.01187300023884,-7.7918030002082332],[111.0119820007688,-7.7912090006947778],[111.01202900023821,-7.7909309995659441],[111.01205200039954,-7.7907760005119826],[111.01207600060701,-7.7906189995671298],[111.01207774709042,-7.7906087347053017],[111.01208400007658,-7.7905720000976544],[111.01215899993798,-7.7902769999835186],[111.0122069994535,-7.7900709994769954],[111.01222599943037,-7.7900029999384515],[111.01234100023703,-7.7895090005399084],[111.01237451077509,-7.7893646521569053],[111.01239299993705,-7.789285000102609],[111.01245500009821,-7.7889950002190176],[111.0124599994295,-7.788974000149949],[111.01253595077355,-7.7886341364562099],[111.01259900044357,-7.7883520002445721],[111.01270499993586,-7.7878810001080296],[111.01272300076596,-7.7877969998316416],[111.01276000067355,-7.7875900001783407],[111.01276500000483,-7.7875610006396414],[111.01286800025804,-7.7869460001577409],[111.01292361613201,-7.7866123040145681],[111.0129990000039,-7.7861599998840347],[111.01299520216691,-7.786031146819937],[111.01298500025763,-7.7856849995630455],[111.0129690004191,-7.7850979994730665],[111.01296600028076,-7.7850789994961929],[111.01278700012,-7.783767000146895],[111.0127800960247,-7.7836924436513186],[111.01275792863555,-7.7834530234382555],[111.01271200025866,-7.782956999665771],[111.01270599998196,-7.7828639998736548],[111.01269900055848,-7.7827599995742958],[111.01269129606652,-7.7826728858449314],[111.01268599995899,-7.7826129999899081],[111.01268300071996,-7.7825739990907437],[111.01262799998227,-7.7824330006823743],[111.01259792575371,-7.7822630369095691],[111.0125850006973,-7.7821900002682582],[111.0125790004206,-7.7820520001995988],[111.0126090314817,-7.7816890805865455]]]},"properties":{"FID":6,"OBJECTID_1":17917,"NAMOBJ":"Mlokomanis Kulon","FCODE":"BA03070040","REMARK":"Wilayah Administrasi Kelurahan/Desa","METADATA":"TASWIL1000020221227_DATA_BATAS_DESAKELURAHAN","SRS_ID":"SRGI 2013","KDBBPS":"3312","KDCBPS":"3312150","KDCPUM":"33.12.13","KDEBPS":"3312150009","KDEPUM":"33.12.13.1009","KDPBPS":"33","KDPKAB":"33.12","KDPPUM":"33","LUASWH":0,"TIPADM":2,"WADMKC":"Ngadirojo","WADMKD":"Mlokomanis Kulon","WADMKK":"Wonogiri","WADMPR":"Jawa Tengah","WIADKC":" ","WIADKK":" ","WIADPR":" ","WIADKD":" ","UUPP":"Hasil Delineasi Batas Desa 2017","LUAS":5.3586138700000001,"SIGCODE":16318,"Shape_Leng":0.10465179210599999,"Shape_Area":0.00043928712252400002}},{"type":"Feature","id":7,"geometry":{"type":"Polygon","coordinates":[[[111.04000400068412,-7.7893479994106087],[111.03941700059414,-7.7894949998942593],[111.03909099994974,-7.7896719990634438],[111.0387209999742,-7.789852000169617],[111.03823299995304,-7.7899639999386068],[111.03792800027708,-7.7900009998461996],[111.03727600078685,-7.7900380006531691],[111.03708400002665,-7.790131999592063],[111.03697800053436,-7.7902929998220429],[111.03663299991308,-7.7908380006731477],[111.03651100058227,-7.7910040002343521],[111.0362249999838,-7.791327999887244],[111.03585700010052,-7.7918120006232812],[111.03577499991638,-7.7921150002070476],[111.03548800017114,-7.7929450007111427],[111.03530200058691,-7.793081999834385],[111.03507600005742,-7.7931429999494526],[111.0341670004068,-7.7933679995335297],[111.03390200077678,-7.7935540000170249],[111.0337410005468,-7.7937520001546545],[111.03360200043204,-7.7939909994850041],[111.03338400027144,-7.7943480006596815],[111.03322199999536,-7.7944309999905954],[111.03302109864484,-7.7947551759106091],[111.03239719847198,-7.7952977126192877],[111.03168529873761,-7.7957524988786986],[111.03098938175464,-7.7960158176758227],[111.03060540631452,-7.7958802232936364],[111.03005343301959,-7.795561151026277],[111.02962145446662,-7.7953058928526389],[111.02955748299149,-7.7956170295022389],[111.02885355664637,-7.7957367445550858],[111.02874955364905,-7.7955612418577971],[111.02872551477077,-7.7949549324241616],[111.02838953165161,-7.7947475334718206],[111.02802156414396,-7.7947236249952425],[111.02753362977325,-7.7950108558662805],[111.02710312161184,-7.7953752638572951],[111.02701367144385,-7.7949151572086635],[111.02698964605537,-7.7944843585662511],[111.02689362364185,-7.7939737882596773],[111.02655765041527,-7.793909987655752],[111.02594971230945,-7.79396586882973],[111.02506180445874,-7.7941015450502391],[111.02434987594609,-7.7941494519355956],[111.02324597702028,-7.7940856935998113],[111.02231247354189,-7.7940427662605885],[111.02230203151362,-7.7934156105419561],[111.0223499797678,-7.7925220981163079],[111.02238994923681,-7.7920194967023804],[111.02246189140322,-7.791054181505217],[111.02246188061139,-7.7908467600698827],[111.02221387816803,-7.7903361960585471],[111.02206187925236,-7.7900490038583712],[111.02203785746121,-7.789602249444215],[111.02205382852145,-7.7890677382854392],[111.02211193731614,-7.7885347379877317],[111.0220903904592,-7.7873644115383058],[111.0222296846523,-7.7866903525776365],[111.02254963645663,-7.7864749361693271],[111.02277359462573,-7.7861558135398923],[111.02291755630023,-7.7857569165483937],[111.02290153667661,-7.7853660064359929],[111.02278836509106,-7.784493195504524],[111.0225894872151,-7.7837624909461738],[111.02262145361726,-7.7832120231163344],[111.02270942080321,-7.782797173950371],[111.02256540606868,-7.7821908717112933],[111.02238140567738,-7.781752103276915],[111.02222141448675,-7.781536712049558],[111.02168549768766,-7.7818558499674282],[111.02118157427032,-7.7821430754425478],[111.02072564317393,-7.7824143424479075],[111.02007578047295,-7.7823834075681475],[111.02020567764998,-7.7817921015242177],[111.02034962223735,-7.7810022944203183],[111.02039759747123,-7.7806353152675456],[111.02027760003125,-7.7803560991546306],[111.01999763568239,-7.7803401559733629],[111.01962169118815,-7.7805077068651372],[111.01914976744786,-7.7808667279171004],[111.01890181266856,-7.7811698956741111],[111.01854984949603,-7.7809943992720605],[111.01820589298762,-7.7810183482181401],[111.01812592347267,-7.7815049956589633],[111.01813394542529,-7.7820235501466755],[111.01798197348933,-7.7822309796759441],[111.01767801253033,-7.7822629029105883],[111.01735004866589,-7.7821671835686175],[111.01682210975264,-7.7820555156494606],[111.01590000068455,-7.7820859999688992],[111.01573881609357,-7.7824567742606519],[111.01537406366219,-7.7825078449610032],[111.01471493704474,-7.7823355474475306],[111.01420939214978,-7.7821249514053079],[111.01401100620302,-7.7818058485610209],[111.01380622697587,-7.7816718279923975],[111.01349906443033,-7.7816463088300338],[111.01299352942789,-7.7817165305933713],[111.0126090314817,-7.7816890805865455],[111.0125790004206,-7.7820520001995988],[111.0125850006973,-7.7821900002682582],[111.01259792575371,-7.7822630369095691],[111.01262799998227,-7.7824330006823743],[111.01268300071996,-7.7825739990907437],[111.01268599995899,-7.7826129999899081],[111.01269129606652,-7.7826728858449314],[111.01269900055848,-7.7827599995742958],[111.01270599998196,-7.7828639998736548],[111.01271200025866,-7.782956999665771],[111.01275792863555,-7.7834530234382555],[111.0127800960247,-7.7836924436513186],[111.01278700012,-7.783767000146895],[111.01296600028076,-7.7850789994961929],[111.0129690004191,-7.7850979994730665],[111.01298500025763,-7.7856849995630455],[111.01299520216691,-7.786031146819937],[111.0129990000039,-7.7861599998840347],[111.01292361613201,-7.7866123040145681],[111.01286800025804,-7.7869460001577409],[111.01276500000483,-7.7875610006396414],[111.01276000067355,-7.7875900001783407],[111.01272300076596,-7.7877969998316416],[111.01270499993586,-7.7878810001080296],[111.01259900044357,-7.7883520002445721],[111.01253595077355,-7.7886341364562099],[111.0124599994295,-7.788974000149949],[111.01245500009821,-7.7889950002190176],[111.01239299993705,-7.789285000102609],[111.01237451077509,-7.7893646521569053],[111.01234100023703,-7.7895090005399084],[111.01222599943037,-7.7900029999384515],[111.0122069994535,-7.7900709994769954],[111.01215899993798,-7.7902769999835186],[111.01208400007658,-7.7905720000976544],[111.01207774709042,-7.7906087347053017],[111.01207600060701,-7.7906189995671298],[111.01205200039954,-7.7907760005119826],[111.01202900023821,-7.7909309995659441],[111.0119820007688,-7.7912090006947778],[111.01187300023884,-7.7918030002082332],[111.01264599991305,-7.791840000115883],[111.01287099949707,-7.7918549999082529],[111.01305400074159,-7.791999000253611],[111.01313910808341,-7.7922222668440781],[111.01327700023342,-7.7925840002513382],[111.01335100004866,-7.7927350000201727],[111.01345816146505,-7.7929556540801173],[111.01357100030151,-7.7931880002259959],[111.01373100048534,-7.79352600052448],[111.01380400025448,-7.7936799995322872],[111.01351000018644,-7.793959999854053],[111.0134939994486,-7.7939909994850041],[111.01346971595467,-7.79403640085917],[111.01337900044058,-7.7942059995071986],[111.01304200018819,-7.7948319995970792],[111.01275139326225,-7.7951641228259518],[111.01301492699736,-7.7956495211084871],[111.01310871819283,-7.7960023305430468],[111.01288055749177,-7.7962526442440776],[111.01233821953326,-7.796659527215354],[111.0116902930726,-7.7972674509320541],[111.01114315543236,-7.7977748520277714],[111.01036563666486,-7.7983444835110731],[111.0100248709511,-7.7986029720494798],[111.00947772611624,-7.7989859186651529],[111.00877219627989,-7.7995603318437929],[111.00816137944418,-7.8001563979993307],[111.00824100002217,-7.800311999599046],[111.00840000015995,-7.8006519999897819],[111.00855400006714,-7.8011600000339172],[111.00854099946758,-7.8015740002398957],[111.00855400006714,-7.801998000007643],[111.0085870006896,-7.8021160000533314],[111.00874599992801,-7.8022599994993129],[111.00879499948968,-7.8022879998912344],[111.00892700018096,-7.8027359989671368],[111.00896899941984,-7.8029129999349607],[111.00890000073451,-7.8031050006951546],[111.00867500025112,-7.8033870002098524],[111.00863100002067,-7.8034270002557946],[111.0083630002523,-7.803697000116415],[111.00813300043768,-7.8041060000917923],[111.00805700053019,-7.8041509994690159],[111.00798898750185,-7.8041364475389514],[111.00782800076166,-7.8041019999073455],[111.00782553212269,-7.8040595096385914],[111.00781353246862,-7.8040140354193568],[111.00776073596927,-7.8039901035604089],[111.00767194230633,-7.8039901062583681],[111.00760474766105,-7.8040068606280784],[111.00752555246231,-7.8040236149977886],[111.0074607590069,-7.8040762685049572],[111.00741516247984,-7.8041265298154485],[111.00738800025607,-7.8042740006445683],[111.00735400048677,-7.8044719998828214],[111.00733597717368,-7.804600410480532],[111.00733357868177,-7.8046865709284816],[111.00728798305403,-7.8047607649972406],[111.00722318869924,-7.8048205995909257],[111.00713679442759,-7.8048660747095369],[111.00707439946405,-7.8049091549335117],[111.00702400415452,-7.804933088591099],[111.00698560759974,-7.8049522360568062],[111.006829344099,-7.8050478402855674],[111.00670003058201,-7.8051269545452442],[111.00657373968642,-7.8052096660931625],[111.00646669877921,-7.8052327130192225],[111.00639470355281,-7.8052805794351343],[111.00636170742689,-7.8053703308760305],[111.00634970957151,-7.8054750389418359],[111.00635900046757,-7.805642999924487],[111.00639171060902,-7.8057233462553768],[111.00636471296121,-7.8057592471914745],[111.00633171503671,-7.8057831808490619],[111.0062570002604,-7.8057889994627203],[111.00608100023805,-7.8057860002236907],[111.00593879943608,-7.8057690974658271],[111.00540767422484,-7.8060959938350152],[111.00530528730923,-7.8065236025821605],[111.00517730209089,-7.8070341818819315],[111.00494692096368,-7.8074745565055537],[111.00474213544123,-7.8075639095467295],[111.0041789727814,-7.8076085914632927],[111.00367980767703,-7.8079787650079311],[111.00339989458951,-7.8081491154892433],[111.00350999948694,-7.8082110005371987],[111.00401100010765,-7.8085130000748677],[111.00453399994421,-7.8088299994049066],[111.0052230002413,-7.8091919999108086],[111.0058599999391,-7.8095400006704381],[111.00662600018984,-7.8098869995853306],[111.0073609999103,-7.8102569995608064],[111.00805100025354,-7.8106269995363391],[111.00876400075811,-7.8110049998807654],[111.00945400020203,-7.8113520005942974],[111.0100370001075,-7.8115940000629962],[111.01025000003756,-7.8116660006853635],[111.01058300010544,-7.8117269999010546],[111.01077399992022,-7.8118539994624712],[111.01091600017332,-7.8120319995770728],[111.01110300070297,-7.8124499999674981],[111.01117500042596,-7.8125230006359061],[111.01130600017183,-7.8124140001059459],[111.01162800063179,-7.812163000222256],[111.01212899945381,-7.8120399999459664],[111.01227100060623,-7.8120730005684891],[111.01228200021421,-7.8120750006606841],[111.01239538673775,-7.8121504187068354],[111.01249999947544,-7.8122200001528199],[111.012636999498,-7.8122729998989939],[111.01279299949738,-7.8122290005678678],[111.01290800030404,-7.8121189999918101],[111.01292500018866,-7.8119999999000242],[111.01300100009615,-7.8116979994630356],[111.01318000025685,-7.8116440005701406],[111.01345300025582,-7.8116640005931117],[111.0136419999784,-7.8117869999700247],[111.01375400064666,-7.8119519994851316],[111.01383900006988,-7.8120869994154418],[111.01395399997716,-7.8120840001764122],[111.01407999949242,-7.8119960006148972],[111.01444400009058,-7.8117079999242378],[111.01459400071263,-7.8117199995782585],[111.01479199995089,-7.8117040006390539],[111.01501100015759,-7.8116309999706459],[111.01516600011087,-7.8115190002016561],[111.01530600027178,-7.8113430001792494],[111.01553800017865,-7.811040000595483],[111.01601500059189,-7.8108240005271341],[111.01612200013028,-7.8106980001125521],[111.0161390000149,-7.8105410000670759],[111.01606799943869,-7.8104399999060092],[111.01589600050011,-7.8103349995605527],[111.01583000015444,-7.8102269999760097],[111.0158630007769,-7.8101500000224178],[111.01595900070737,-7.8101160002531742],[111.01611400066065,-7.8101469998840685],[111.01630400042933,-7.8102620006907273],[111.01646800079766,-7.8103239999525726],[111.01671700058915,-7.8102970005061252],[111.01681100042737,-7.8101659998609421],[111.01707800014964,-7.8097920006002823],[111.01739399943358,-7.8095470000939144],[111.01747600051709,-7.8093599995642649],[111.0175710004014,-7.8090859995191977],[111.01792200040006,-7.8092219994956054],[111.01827100030647,-7.8094409997023035],[111.01858200025919,-7.8097089994707289],[111.01902800014216,-7.8101700000454457],[111.0190680001881,-7.8102090000452904],[111.01949099990981,-7.8105410000670759],[111.01977000018542,-7.8107619994666493],[111.02002000002307,-7.8109250006882007],[111.02026400048328,-7.8111629999723959],[111.02062100075864,-7.8115260005244522],[111.02099200078027,-7.8119480002000046],[111.02131100020256,-7.8124850006822157],[111.02141000027137,-7.8126600006584681],[111.02147200043254,-7.8127709994819838],[111.02161900001693,-7.8127429990900623],[111.0219600004537,-7.8126770005430899],[111.02239400068265,-7.8126200006124691],[111.02289800054234,-7.8125059998519646],[111.02345800028655,-7.8123100007059065],[111.02360599991704,-7.8119380006381789],[111.02381200042356,-7.8117110000625303],[111.02410299945393,-7.8115219994406857],[111.02448000065158,-7.8114529998559874],[111.02475600078884,-7.8113969999715209],[111.02553000050915,-7.8112409999721422],[111.02598000057662,-7.8110100001113665],[111.02639700002157,-7.8107639995589011],[111.02655400006711,-7.8106240002973095],[111.02683399948955,-7.8102769995838344],[111.02717599997248,-7.8097699995857397],[111.02753900052454,-7.8093969994719146],[111.02775181879144,-7.8093143949433284],[111.0285947911168,-7.8089871910059969],[111.02890174142232,-7.808872977106148],[111.02941808447707,-7.8086826194073069],[111.03001900067642,-7.8081730005834515],[111.03014402172926,-7.8080569088991751],[111.03038134112603,-7.8078365408236436],[111.03043900025972,-7.8077830005849478],[111.03102400025745,-7.8072709994569891],[111.03139018710749,-7.8068246254560449],[111.03170899947082,-7.8064359996216126],[111.03191890843095,-7.806183964618242],[111.03199800020758,-7.8060890007067769],[111.03252699942152,-7.8061979994380977],[111.03255356809274,-7.8060998941946877],[111.03274500048144,-7.8053930000868377],[111.03296900001942,-7.8045670006665091],[111.03307200027268,-7.8041850001375792],[111.03354199946375,-7.8024290000982433],[111.03365516475412,-7.8020559891925245],[111.0338830007999,-7.8013049995260531],[111.03389964365368,-7.8012737112127297],[111.03390800015416,-7.8012580000566345],[111.03420499946122,-7.8009950005188102],[111.03424500040649,-7.8009589988586754],[111.03478199998938,-7.8004710006361506],[111.03532600079438,-7.7996240002473769],[111.0354729994794,-7.799311000202465],[111.03547517493945,-7.7990771800677408],[111.03547900065541,-7.7986660001357677],[111.03570500028559,-7.7972150006717129],[111.03604300058407,-7.7969390005343939],[111.03643101128222,-7.7964659022795217],[111.03653513928532,-7.7964978228162067],[111.03695000014244,-7.7966249995440648],[111.03739499997931,-7.7963480002599681],[111.03745199990993,-7.7961620006757357],[111.037450000717,-7.7959199994083974],[111.03739700007156,-7.7957359999164169],[111.03736700048677,-7.7955370006320095],[111.03746099942566,-7.7954139994564571],[111.03762300060106,-7.7951450005413108],[111.03795500062284,-7.7946719994131968],[111.03799691622476,-7.7946167144897345],[111.03807100057628,-7.7945189995521673],[111.03830200043706,-7.7941040001994111],[111.0383009464316,-7.7938681871670497],[111.03830028363126,-7.7937193736501058],[111.03829988523159,-7.7937116745541175],[111.03830021348415,-7.7937039745587526],[111.0384037821089,-7.7936218520667921],[111.03870029578206,-7.7935539919231474],[111.03875818694081,-7.7935815372580919],[111.03930742269944,-7.7938428550636445],[111.03943719666933,-7.7939046016160205],[111.04006250248256,-7.7942021135366417],[111.0402219999454,-7.794278000129566],[111.04021511923241,-7.7939477142156193],[111.04021300042967,-7.7938459999928682],[111.04015598970722,-7.7934020406715945],[111.04015945749302,-7.7932268662268598],[111.04016299992259,-7.7930480000650846],[111.04012800010719,-7.792599000043765],[111.04012800010719,-7.7920709999766018],[111.04011600045311,-7.7913350002100401],[111.04010499994587,-7.7907719994281592],[111.04010200070684,-7.7903800002367802],[111.04002500075325,-7.789952999431307],[111.04000400068412,-7.7893479994106087]]]},"properties":{"FID":7,"OBJECTID_1":17918,"NAMOBJ":"Mlokomanis Wetan","FCODE":"BA03070040","REMARK":"Wilayah Administrasi Kelurahan/Desa","METADATA":"TASWIL1000020221227_DATA_BATAS_DESAKELURAHAN","SRS_ID":"SRGI 2013","KDBBPS":"3312","KDCBPS":"3312150","KDCPUM":"33.12.13","KDEBPS":"3312150007","KDEPUM":"33.12.13.2008","KDPBPS":"33","KDPKAB":"33.12","KDPPUM":"33","LUASWH":0,"TIPADM":1,"WADMKC":"Ngadirojo","WADMKD":"Mlokomanis Wetan","WADMKK":"Wonogiri","WADMPR":"Jawa Tengah","WIADKC":" ","WIADKK":" ","WIADPR":" ","WIADKD":" ","UUPP":"Hasil Delineasi Batas Desa 2017","LUAS":6.77159098,"SIGCODE":16319,"Shape_Leng":0.144083515829,"Shape_Area":0.00055512955421300005}},{"type":"Feature","id":8,"geometry":{"type":"Polygon","coordinates":[[[111.02147200043254,-7.8127709994819838],[111.02141000027137,-7.8126600006584681],[111.02131100020256,-7.8124850006822157],[111.02099200078027,-7.8119480002000046],[111.02062100075864,-7.8115260005244522],[111.02026400048328,-7.8111629999723959],[111.02002000002307,-7.8109250006882007],[111.01977000018542,-7.8107619994666493],[111.01949099990981,-7.8105410000670759],[111.0190680001881,-7.8102090000452904],[111.01902800014216,-7.8101700000454457],[111.01858200025919,-7.8097089994707289],[111.01827100030647,-7.8094409997023035],[111.01792200040006,-7.8092219994956054],[111.0175710004014,-7.8090859995191977],[111.01747600051709,-7.8093599995642649],[111.01739399943358,-7.8095470000939144],[111.01707800014964,-7.8097920006002823],[111.01681100042737,-7.8101659998609421],[111.01671700058915,-7.8102970005061252],[111.01646800079766,-7.8103239999525726],[111.01630400042933,-7.8102620006907273],[111.01611400066065,-7.8101469998840685],[111.01595900070737,-7.8101160002531742],[111.0158630007769,-7.8101500000224178],[111.01583000015444,-7.8102269999760097],[111.01589600050011,-7.8103349995605527],[111.01606799943869,-7.8104399999060092],[111.0161390000149,-7.8105410000670759],[111.01612200013028,-7.8106980001125521],[111.01601500059189,-7.8108240005271341],[111.01553800017865,-7.811040000595483],[111.01530600027178,-7.8113430001792494],[111.01516600011087,-7.8115190002016561],[111.01501100015759,-7.8116309999706459],[111.01479199995089,-7.8117040006390539],[111.01459400071263,-7.8117199995782585],[111.01444400009058,-7.8117079999242378],[111.01407999949242,-7.8119960006148972],[111.01395399997716,-7.8120840001764122],[111.01383900006988,-7.8120869994154418],[111.01375400064666,-7.8119519994851316],[111.0136419999784,-7.8117869999700247],[111.01345300025582,-7.8116640005931117],[111.01318000025685,-7.8116440005701406],[111.01300100009615,-7.8116979994630356],[111.01292500018866,-7.8119999999000242],[111.01290800030404,-7.8121189999918101],[111.01279299949738,-7.8122290005678678],[111.012636999498,-7.8122729998989939],[111.01249999947544,-7.8122200001528199],[111.01239538673775,-7.8121504187068354],[111.01228200021421,-7.8120750006606841],[111.01227100060623,-7.8120730005684891],[111.01212899945381,-7.8120399999459664],[111.01162800063179,-7.812163000222256],[111.01130600017183,-7.8124140001059459],[111.01117500042596,-7.8125230006359061],[111.01110300070297,-7.8124499999674981],[111.01091600017332,-7.8120319995770728],[111.01077399992022,-7.8118539994624712],[111.01058300010544,-7.8117269999010546],[111.01025000003756,-7.8116660006853635],[111.0100370001075,-7.8115940000629962],[111.00945400020203,-7.8113520005942974],[111.00876400075811,-7.8110049998807654],[111.00805100025354,-7.8106269995363391],[111.0073609999103,-7.8102569995608064],[111.00662600018984,-7.8098869995853306],[111.0058599999391,-7.8095400006704381],[111.0052230002413,-7.8091919999108086],[111.00453399994421,-7.8088299994049066],[111.00401100010765,-7.8085130000748677],[111.00350999948694,-7.8082110005371987],[111.00339989458951,-7.8081491154892433],[111.00330323365739,-7.8083550629357319],[111.00315204413158,-7.8084531915615116],[111.00317844462955,-7.8086901305450169],[111.00317364674646,-7.8089103169575083],[111.0031040509113,-7.8089916894148814],[111.00284246690637,-7.8092214527078454],[111.0025784853089,-7.8094536054994705],[111.0024080970561,-7.8097790998255618],[111.00221131100324,-7.8102051131754138],[111.00210571800454,-7.8104420530582388],[111.0019593272612,-7.8107220740644152],[111.0018153359091,-7.8108991811522515],[111.00155375100485,-7.8109398691795491],[111.0013545610642,-7.810896789854894],[111.00125616713848,-7.8109757692163271],[111.00111217668569,-7.8111002236963145],[111.00103298058764,-7.8112486100352498],[111.00094898570717,-7.8114137498446325],[111.0008169922105,-7.8113826368991113],[111.00057940571509,-7.8112797238800908],[111.00042821349132,-7.8111815979523271],[111.00021222511418,-7.8112390385507524],[111.00001543546404,-7.8112007445187146],[110.99995543809308,-7.8110475719877854],[111.00005863349918,-7.8109039709414674],[111.00032981866627,-7.810671819049162],[111.00041381354674,-7.8104755644956754],[111.0004378110562,-7.8103008514030989],[111.00035621646629,-7.8102194789457258],[111.00024025698235,-7.810163675113472],[111.00019033921285,-7.8101943105189662],[111.0001385022901,-7.8101866509931028],[111.00008282616153,-7.8101464432037346],[111.0000444287075,-7.8100870888480358],[111.00000999996161,-7.8100250005533098],[111.00000000039978,-7.809994000023039],[110.99998678396298,-7.8099543516119638],[110.999994510938,-7.8098937085277953],[110.99998683162704,-7.8098343532727199],[110.99996571194811,-7.8097654256338274],[110.9999234752882,-7.8097175592179156],[110.99985819799753,-7.8096869247117411],[110.99977756298421,-7.8096984126515849],[110.99972960843473,-7.8097628751565367],[110.99971036743955,-7.8097998885539823],[110.99968732860737,-7.8098534998391074],[110.99962973242629,-7.8098649886782141],[110.99956637518812,-7.8098573291523508],[110.99952605858078,-7.8098381825860201],[110.99950109969603,-7.8097903161701083],[110.99948011491546,-7.8097414838823056],[110.99944350351495,-7.8096562884069272],[110.99938206543004,-7.8096065082337418],[110.99932639020079,-7.809579702141491],[110.99927839248386,-7.8095567262618601],[110.99916895848071,-7.809543323665423],[110.99909024351996,-7.809568214201704],[110.99901728871697,-7.8096026780211218],[110.99898464962195,-7.8096409711538399],[110.99893857195758,-7.8096984108529455],[110.99891361307283,-7.8097979729980125],[110.99892023208309,-7.8098860705856623],[110.9989424111634,-7.8099626334687287],[110.9989692892014,-7.8100334775629108],[110.99898080951681,-7.8100870879487161],[110.99898848792844,-7.8101234655254643],[110.99897696941167,-7.8101502716177151],[110.99892705164217,-7.8101981380335701],[110.99882721700254,-7.8102268578831513],[110.99867024843326,-7.8102320424747518],[110.99848366878632,-7.8102582810947752],[110.99826852846985,-7.8103704544328707],[110.99821716459053,-7.8103777731157038],[110.99802662253069,-7.8104049182523454],[110.99784039272004,-7.8103398190273765],[110.9977559185009,-7.8102747207017273],[110.99770255273069,-7.8101783205730158],[110.99765416470802,-7.8100909118660411],[110.99760232868459,-7.8100200695704984],[110.99747177500245,-7.8100104944886652],[110.99733930306644,-7.8100813358848882],[110.99728938529694,-7.8101502635237807],[110.99727851699004,-7.8102097365900249],[110.99727773727784,-7.810229668264526],[110.99727763115783,-7.8102323608347319],[110.99724714593907,-7.8103130102371665],[110.99719231157599,-7.8103290505451923],[110.99715524511851,-7.8103398945704043],[110.99715154350901,-7.8103432382497999],[110.9969457237662,-7.8104010835431268],[110.99687084711195,-7.8104298015940117],[110.99675181374528,-7.8104585205442163],[110.99651758621769,-7.8105523378200701],[110.99647946755346,-7.8106172796636884],[110.99637935142601,-7.8107878405863289],[110.99629871551338,-7.810847194042708],[110.99620272007951,-7.8108912302460567],[110.99610864559759,-7.8109008035291936],[110.99597700013851,-7.8108270006654834],[110.99587442076796,-7.8106863574893737],[110.99579378665402,-7.8105791358184433],[110.99567475328729,-7.8105025495529503],[110.99553652119357,-7.8104910589152041],[110.9954136477217,-7.8105753029078642],[110.99535879447285,-7.8106798598875571],[110.99532916900603,-7.8108203789572599],[110.995296529911,-7.8109371730120642],[110.99523125351959,-7.8109831238720062],[110.99513717723897,-7.8110692825213164],[110.99505584794906,-7.8111467231427127],[110.9949720644093,-7.8112243697088388],[110.99489334854928,-7.8113047834889358],[110.99485302924398,-7.8113660525012847],[110.99481847009639,-7.8114464680799642],[110.99476855142757,-7.8115268836587006],[110.99475987746644,-7.811584340444881],[110.99475196523105,-7.8116464098538927],[110.99471863275875,-7.811689628573447],[110.99466500078921,-7.8117040006390539],[110.99460343859789,-7.811699200957321],[110.99451896347944,-7.8117068586845448],[110.99444792693032,-7.8116762232790506],[110.99432691505513,-7.8116241525325449],[110.99430200023716,-7.8116040005241416],[110.99423747477971,-7.8115496940631033],[110.9941791447518,-7.8114445444301168],[110.99411578931227,-7.8113392374158366],[110.99406959923266,-7.81129735958541],[110.9940313150932,-7.8112626502510807],[110.99390460241551,-7.8112358432595101],[110.99382972666064,-7.8112511596132777],[110.99379900761818,-7.8113258294234242],[110.99379708666629,-7.8114062459014804],[110.99380164173243,-7.8114732112196634],[110.99380101400567,-7.8114964155271309],[110.99379900312158,-7.8115709072715163],[110.99378364360035,-7.8116608961333895],[110.99373756413735,-7.811716421175845],[110.99364732796187,-7.8117566271665737],[110.99354897450564,-7.8117736378430891],[110.99345533799351,-7.8117815150048386],[110.99334014473197,-7.8117853425194994],[110.99323071072877,-7.8117815114075597],[110.99305408028164,-7.8117547035167263],[110.99294272622592,-7.8117374707076692],[110.99286500051943,-7.8117179994860635],[110.99278913551024,-7.8117106619174592],[110.99272001991307,-7.8116436471365773],[110.99267068400491,-7.8115243610603784],[110.99267202579341,-7.8114770711098913],[110.99263938849703,-7.8114004839451354],[110.99258947252622,-7.8113583605997974],[110.99252995449388,-7.8113411268914206],[110.99247235831274,-7.8113526139319447],[110.99239748165849,-7.8114157976009437],[110.99235716145392,-7.8114751510573228],[110.99230882559186,-7.8115628538425881],[110.99225348401114,-7.8116876761453113],[110.99217476725175,-7.8117738356939412],[110.99211524921941,-7.8118255305237767],[110.99205381203387,-7.8118370166649242],[110.99201824024965,-7.8118267670915884],[110.99196741776217,-7.8118121234306841],[110.99190022131825,-7.8117872319951402],[110.99180998604209,-7.8117604250035697],[110.99171783251199,-7.8117412775378625],[110.991625676284,-7.8117814835285913],[110.99159111713641,-7.8118255188325634],[110.99157076727715,-7.8118618334568168],[110.99151815873608,-7.811955714584542],[110.99148359868917,-7.8120342155065714],[110.99144136023062,-7.8120648491134261],[110.99137800299252,-7.8120552749309695],[110.99135304500709,-7.8120093222723312],[110.99134152649032,-7.8119442239467389],[110.99136452665164,-7.8118547836712651],[110.99137992844101,-7.8117948816284297],[110.99139912806737,-7.8117470134138784],[110.99141832859306,-7.8116972341400128],[110.99136841352151,-7.811580438286569],[110.99132425860773,-7.8114847045554257],[110.99124746369955,-7.8114176888751672],[110.99115914847596,-7.8113793939438096],[110.99108043441458,-7.811364074892083],[110.99096716030624,-7.8113640730934435],[110.99084947592263,-7.8113572184608415],[110.99076173176854,-7.8113487504444379],[110.99068154191968,-7.8112675065901271],[110.99061895809848,-7.811234071595095],[110.99058700068957,-7.8112170006639872],[110.99055116000807,-7.8111834325692939],[110.99052429096332,-7.8111200105799981],[110.99049871244569,-7.8110596309971356],[110.99046991615376,-7.8109524084268855],[110.99042960044574,-7.810870078191499],[110.99035280643693,-7.8107666840351726],[110.99031632993473,-7.8107188176193176],[110.99026338864451,-7.810711855068007],[110.99003602744079,-7.8106249922495294],[110.9899611534845,-7.8105905266314721],[110.98986707900258,-7.8105464868308445],[110.98975380579355,-7.8105445685769155],[110.98968468749837,-7.8105943496494774],[110.98964700050874,-7.8106400001358338],[110.98958000011697,-7.8107429994897757],[110.98954836646402,-7.8109351549334178],[110.98952916593834,-7.8110213144820477],[110.98950612620683,-7.8110768395245032],[110.98947924547087,-7.8111323645669017],[110.98944084711746,-7.8111725705576305],[110.98938709014215,-7.811187886911398],[110.98935061274062,-7.8111802264862149],[110.9893224189945,-7.8111597705069471],[110.9892807192299,-7.8111317152564084],[110.98921622255068,-7.8110883202697323],[110.98910678944685,-7.8110500235397353],[110.98900311470203,-7.8110481070844457],[110.98896087444484,-7.8111036312275246],[110.98890519651769,-7.8111725570678345],[110.98888599599201,-7.8112261665543201],[110.98885527605023,-7.8113084976889695],[110.98884106945985,-7.8113377166622513],[110.98879307623952,-7.8115197511355632],[110.98874679442906,-7.811595867055587],[110.9887350312967,-7.8116152132714092],[110.98872300016637,-7.8116350001550927],[110.98869300058158,-7.8116460006623356],[110.98857936044919,-7.8116421839395684],[110.98846776807312,-7.8116361971527226],[110.98836817355243,-7.8116373905530736],[110.98804499947721,-7.8117659999009561],[110.98792400019249,-7.8117369994628802],[110.9878820000543,-7.8116260006393645],[110.98788880342562,-7.8114830075347186],[110.98790680515498,-7.8113860795039045],[110.98791040693976,-7.8113070992432085],[110.9878672125019,-7.8112173487016321],[110.98775562012582,-7.8111527252180508],[110.98766202678115,-7.8111096422961168],[110.9875144354429,-7.8110521981004126],[110.98744077916871,-7.8110435529175675],[110.98739204310834,-7.8110378341286832],[110.98721205279406,-7.8110701395752358],[110.98693486375299,-7.8112245001105407],[110.98648394008183,-7.8115543534506173],[110.9860726072651,-7.8118017101807595],[110.98598521474594,-7.8118277680370056],[110.98593049819402,-7.8117947386362516],[110.98589882047423,-7.8117559652655473],[110.98586282510934,-7.8116942160152121],[110.98582394921596,-7.8116410831694338],[110.98578075208013,-7.8116080546679427],[110.98573323639982,-7.8115807674384428],[110.985642521785,-7.8115620975127626],[110.9855705265586,-7.811549171556976],[110.98550573040518,-7.8115348075852467],[110.9854481324254,-7.8115161385588863],[110.98538189825604,-7.8114931599812962],[110.98535598069401,-7.8114615676971653],[110.98533726220495,-7.8114314116302808],[110.98531041564326,-7.8113761482905488],[110.98534014723009,-7.8112820675133321],[110.98535886931643,-7.8112102674398329],[110.98534159244059,-7.8111097475168094],[110.98527535827122,-7.811069537029482],[110.98519760468577,-7.8110393791639581],[110.98510976880084,-7.811052300623146],[110.98502913108956,-7.8110925048151785],[110.98492257671558,-7.8111140408802271],[110.98485922127611,-7.8110795752621698],[110.98479730565117,-7.8110508518153097],[110.98474834925696,-7.8110221310664656],[110.984601476477,-7.8110652049951455],[110.98454963775566,-7.8111183351430213],[110.98445400025196,-7.8112379998337929],[110.9843408376596,-7.8114170152829843],[110.98430605727879,-7.8114912174456776],[110.98427891573942,-7.8115491256915561],[110.98418819662805,-7.811649641117981],[110.98416659401317,-7.8117458514898317],[110.98412771452246,-7.8117975454203474],[110.98404851752514,-7.811824827253929],[110.98395225948923,-7.8118206022389813],[110.98394774848987,-7.8118225699556092],[110.98387284755393,-7.8118118977008635],[110.98376773299452,-7.8118090216689779],[110.98366117862054,-7.8118133249249695],[110.98356902329186,-7.8118190652975841],[110.98350854568292,-7.8118362945093622],[110.98349126520981,-7.8118664505761899],[110.98347974399508,-7.8119210169413122],[110.98343798397582,-7.8119597885133771],[110.98341494424432,-7.8119942505342124],[110.98339622215798,-7.812071794577605],[110.9834192582922,-7.8121522110556612],[110.98341925559424,-7.8122268835637669],[110.98343299993309,-7.8123409994375379],[110.98347012844374,-7.8125418261442974],[110.98357460628313,-7.8126539545163496],[110.98365236076791,-7.8126984736555869],[110.98376323368637,-7.8127315048550372],[110.98385682793031,-7.8127401248568162],[110.98395618323133,-7.8127343844842017],[110.98404257930167,-7.8127243354596771],[110.98416497343482,-7.8127099804811451],[110.98425137040448,-7.8126941874867271],[110.98433200631712,-7.8126827031441621],[110.98444720047797,-7.8126539868919167],[110.98453791779076,-7.8126511189539087],[110.9846142324609,-7.8126784052841458],[110.98466174814121,-7.8127200510894568],[110.98469054443314,-7.8127674399653415],[110.984728293476,-7.8128235441711809],[110.98476397767547,-7.8128765780915614],[110.9848129304724,-7.812977100712601],[110.98483020644892,-7.8130517714220673],[110.98484975501225,-7.8131394175500191],[110.98487675895529,-7.8132121268381525],[110.98490555344858,-7.81333849597479],[110.98492474857835,-7.8134610348988076],[110.98492282402918,-7.8135720849836616],[110.98490017820075,-7.8137453159935149],[110.98486521795553,-7.8138305636295513],[110.98486521615683,-7.8138860886720067],[110.98489593160201,-7.8139665051500629],[110.98488918308936,-7.8140018745867792],[110.98488325565779,-7.8140240194928765],[110.98486328801039,-7.8140986155586347],[110.98481528849481,-7.8141330775794131],[110.98473500061982,-7.8141359994767754],[110.984592579484,-7.8141311548288854],[110.9844754661699,-7.8141100900086258],[110.98440827062524,-7.814089026087629],[110.98427195858409,-7.814056471528886],[110.98420668219268,-7.8140392369211895],[110.98409532723764,-7.8140239160708234],[110.98402237153527,-7.8140162538470008],[110.98385917965749,-7.8140105035818124],[110.98373438523373,-7.8140047551153202],[110.98364990921601,-7.8140085808312847],[110.98359807049462,-7.8140181532151587],[110.98355007547565,-7.8139721996572575],[110.98347712157198,-7.8139300736139603],[110.98341568528571,-7.8139013510664768],[110.98335424899943,-7.8138668845490429],[110.98327937324456,-7.8138707111643271],[110.98317569849974,-7.8138649635971547],[110.98310274369675,-7.813830496180401],[110.98303746640602,-7.8138170908860047],[110.98292419229767,-7.8138055975502425],[110.98282243670616,-7.8138343147018077],[110.98273411878461,-7.8138840921770907],[110.98270339614487,-7.8139759938969746],[110.98270723175341,-7.8140870448811484],[110.98267100076612,-7.8141469999840183],[110.9826360000514,-7.8141500001223676],[110.9826120007433,-7.8141530002607169],[110.98243261027682,-7.8141475368792612],[110.98221800056035,-7.8141410006066394],[110.98192000030781,-7.813962999592718],[110.9817780000547,-7.813895000054174],[110.98160300007845,-7.8139299998695719],[110.98138300072497,-7.814046999869106],[110.9812379994342,-7.8142270000759595],[110.98125400017204,-7.8143850001675901],[110.98138400077107,-7.814496999936523],[110.9818190001468,-7.8147440005351427],[110.98182100023905,-7.8147479998202698],[110.98195700021546,-7.8150129994503459],[110.98193400005414,-7.8151260001647529],[110.98175599993948,-7.8152540006715299],[110.98155099947911,-7.8153339998641513],[110.98136200065585,-7.8153310006251218],[110.98142499996385,-7.8156659998859368],[110.98156300003251,-7.8159779998847512],[110.98154800024008,-7.8164520001596429],[110.98129000003354,-7.8166960006199133],[110.98119099996472,-7.8167910005042245],[110.98093799998878,-7.8169700006649236],[110.98063700049721,-7.8171889999723021],[110.98052000049768,-7.8173070000179905],[110.98062800008222,-7.8176610001549989],[110.98066700008206,-7.8177900007079302],[110.98043899946032,-7.8178879998312709],[110.97960800070871,-7.8182840001064733],[110.97935699992564,-7.8184410001520064],[110.97915046971849,-7.8185983275507169],[110.97901700043428,-7.818699999505327],[110.97798000027683,-7.8191489995266465],[110.97771600069296,-7.8192580000566068],[110.97750200071681,-7.8194199994333644],[110.97728500060236,-7.8196710002164309],[110.97725700021044,-7.8198799999619837],[110.97719900023372,-7.8200169999844888],[110.97701500074174,-7.8202079989000026],[110.97676500000483,-7.8202779994300613],[110.97651300007493,-7.8201990002835942],[110.97622000005305,-7.8200449994770906],[110.97617100049132,-7.8200359999613624],[110.97602400000767,-7.820009000514915],[110.97562000026284,-7.8201000002147794],[110.97518800012614,-7.8202820005138847],[110.97513000014942,-7.8203220005598268],[110.97485100077313,-7.8205160005129528],[110.97456099999022,-7.8207150006966799],[110.97422799992233,-7.8208760000273401],[110.97408199948472,-7.8207669994973799],[110.97387799996977,-7.8205480001900014],[110.9736510002935,-7.8203849998678265],[110.97347100008665,-7.8203669999370504],[110.97275599948983,-7.8202989994991867],[110.97239400078257,-7.8202999995452842],[110.97202100066869,-7.8203269998911082],[110.97161800007069,-7.8204810006975549],[110.97143200048652,-7.8205490002360989],[110.97083599998149,-7.8205899994288757],[110.97018600058351,-7.8208100005809911],[110.96972800014714,-7.8209639995888551],[110.9692210001491,-7.8210640006030872],[110.96839000049818,-7.8212570005101156],[110.96814100070668,-7.8213550005327761],[110.96793400015406,-7.8216139998861536],[110.96739918502442,-7.8217387331559394],[110.96700707521643,-7.8218639700461381],[110.96677338548341,-7.8219386074807176],[110.96606100011513,-7.8221799999070072],[110.96546900069387,-7.8223859995142107],[110.96503600051108,-7.8225560001592385],[110.9646960001204,-7.8227400005505388],[110.96417200023768,-7.8230959998804224],[110.96383499998529,-7.8239210001539732],[110.96373699996263,-7.8247760000123208],[110.96354999943298,-7.8262849994530939],[110.96408400067617,-7.8273060006713422],[110.9646280005818,-7.8280940001379236],[110.9648050006503,-7.8286020001821157],[110.96502900018828,-7.8292820000642109],[110.96497600044211,-7.8303940000830039],[110.96497700048826,-7.8312450006562244],[110.96498541994123,-7.831430739437053],[110.96500934640426,-7.831958506579781],[110.96515800074121,-7.8322280001220861],[110.96532300025632,-7.8322770005830762],[110.96563200011678,-7.8322959996606301],[110.96613100064525,-7.8323480002599695],[110.96636200050597,-7.832433000582455],[110.96691800006573,-7.8326429994747855],[110.96707900029571,-7.8325859995442215],[110.96724699994917,-7.8327699999355218],[110.96743500052492,-7.8328130001198133],[110.9680100000615,-7.8329039998196777],[110.96824000077549,-7.8330349995655411],[110.96844300024435,-7.8330500002572876],[110.96918400024146,-7.8330560005339294],[110.96965100019355,-7.8330590006722787],[110.96996200014627,-7.8330680001880069],[110.97032300060607,-7.8330490002111333],[110.97049786658334,-7.8329877329974238],[110.97071866993076,-7.8329303085868105],[110.97092986672004,-7.8329734031999578],[110.9711986614891,-7.8330212885016408],[110.97142905970338,-7.8330500236396574],[110.97165465643729,-7.8330787596769937],[110.97188025676849,-7.8330835602580464],[110.97205306060033,-7.8330213451588975],[110.97228346510991,-7.8329256276155661],[110.9725330737424,-7.8328011911220301],[110.97369000029335,-7.8317959999853883],[110.97386900045404,-7.8316140005856028],[110.97401900017678,-7.8314780006091951],[110.97420000042973,-7.8313129992954487],[110.97457800077416,-7.8310490006108466],[110.97517800056431,-7.8308689995046734],[110.97544500028658,-7.8306590006123429],[110.97566099945561,-7.8305240006820327],[110.97591399943161,-7.830443000543994],[110.97597900063045,-7.8304320000367511],[110.97628800049091,-7.8303799994373549],[110.97748599997897,-7.8297210005237048],[110.97777600076188,-7.8297530002007534],[110.97882300048116,-7.8296940001779376],[110.97922999946496,-7.8296720000627147],[110.97948399948706,-7.8297110000625594],[110.9797260007544,-7.8298319984479008],[110.97989299946244,-7.8299399998310832],[110.98008700031488,-7.8299609999001518],[110.98038200042902,-7.8298310002004428],[110.98062800008222,-7.8297279999471812],[110.980756000589,-7.8297640007079963],[110.98084200005832,-7.8297990005233942],[110.9809740007496,-7.8297710001315295],[110.98118999991863,-7.8296160001781914],[110.9813930002868,-7.8294710006861123],[110.98154466645326,-7.8294226144620325],[110.98155600060898,-7.8294190000867161],[110.98227500049092,-7.8292420000182119],[110.98272200042004,-7.8291909994650268],[110.98304500002678,-7.8292330005025406],[110.98330100014113,-7.8292950006637057],[110.98356700071656,-7.8292999999949302],[110.98409300069147,-7.8295499998325795],[110.98427099990676,-7.8295690007087728],[110.98465000029734,-7.8296160001781914],[110.98529100017959,-7.8295940000630253],[110.98605400029192,-7.8295550000631806],[110.98624000077547,-7.8295450005012981],[110.98641600079787,-7.8295419994636859],[110.98750000042475,-7.8295210002938802],[110.98840900007536,-7.8294790001556862],[110.98887200074228,-7.82939699997155],[110.98909500023416,-7.8293869995103478],[110.98897400005012,-7.8300080002689469],[110.98895400002715,-7.8301130006144604],[110.98878700041979,-7.8307280001969843],[110.9887030001434,-7.8310639995039537],[110.98858099991327,-7.8314719994331767],[110.9883130001449,-7.8321890001221846],[110.98859700065111,-7.8323689994297183],[110.98873500071977,-7.8325659995211936],[110.98881700000459,-7.8328120000737158],[110.98891900021175,-7.8330139994964156],[110.98894600055752,-7.8332130005794625],[110.98887000065008,-7.8334119998638698],[110.98882499947422,-7.8334809994485113],[110.98928500000278,-7.8334980002324528],[110.98939800071724,-7.8335730000938497],[110.98988500069231,-7.8339179998158102],[110.99011500050693,-7.8339799999769753],[110.99039499992938,-7.8338970006460045],[110.99074900006639,-7.83377200027752],[110.99086100073464,-7.8338399998160639],[110.99115500080268,-7.8340010000460438],[110.99130400047932,-7.8340139988468991],[110.99160700006308,-7.8339699995158298],[110.99174099994724,-7.8339719996080248],[110.99194700045376,-7.8340689995846446],[110.99215899943835,-7.8340579999766646],[110.99244500003681,-7.833942000023228],[110.9926310005203,-7.8339209999541595],[110.99316100067972,-7.8339080002539845],[110.99328199996438,-7.8338500002772662],[110.99342500026358,-7.8337089991709377],[110.99344400024046,-7.8335009994714824],[110.99338799945667,-7.8333669995873265],[110.99328900028718,-7.8331009999111529],[110.99335000040224,-7.8327879998662411],[110.993529000563,-7.8325510006281434],[110.99363100077011,-7.8324740006745515],[110.99414200005333,-7.8321010005606695],[110.99456200053595,-7.8317700005850384],[110.99496200009628,-7.8315190007012916],[110.9952609994956,-7.8313900001483603],[110.99544699997915,-7.831247999895254],[110.99586000013898,-7.8308759998274695],[110.99594700055371,-7.8307850001276051],[110.99621000009148,-7.8303799994373549],[110.99623000011445,-7.8303680006826539],[110.99635800062129,-7.8302939999680916],[110.99655200057441,-7.8301530006604025],[110.99682300048113,-7.8299719995081318],[110.99696900001942,-7.8299370005920537],[110.99698500075726,-7.8297859999238995],[110.99702699999614,-7.8295109998327348],[110.99710900018027,-7.8292670002717841],[110.99716600011089,-7.8292070002028709],[110.99720300001849,-7.8291680002030262],[110.99737000052517,-7.8291149995575324],[110.99774799997027,-7.8289690000192991],[110.99802200001534,-7.82887999951231],[110.9986149994827,-7.8287009984522911],[110.99868700010501,-7.8286030002282132],[110.99881400056574,-7.828451999560059],[110.99900000014992,-7.8283650000446414],[110.9992289999185,-7.8282379995839619],[110.9994200006326,-7.8280930000918261],[110.99946500000982,-7.8279719999078452],[110.99946100072464,-7.827657999816779],[110.99948399998669,-7.8273950002790116],[110.99956400007858,-7.8273240006021183],[110.99983300079242,-7.8272889998874007],[111.00000000039978,-7.8273160002331679],[111.00011100012262,-7.827334000163944],[111.00070199949772,-7.8273540001869151],[111.00232700069057,-7.8271069995882954],[111.00267099946711,-7.8269949989200427],[111.00289599995051,-7.8270130006494014],[111.00299000068804,-7.8268989998888969],[111.00314200050298,-7.8267609998202374],[111.00340200080177,-7.8266359985524332],[111.00350200001736,-7.8265260006743347],[111.00349999992511,-7.8263339990148211],[111.0035850002476,-7.8260160005379475],[111.00365699997064,-7.8258949994545901],[111.00448700047474,-7.8244870001748836],[111.00479000005851,-7.8240999994154095],[111.00520300021833,-7.8237389998549247],[111.00577199947827,-7.8233280006866153],[111.0060500006071,-7.8230679994885577],[111.00623800028353,-7.8228429999044806],[111.00653000025937,-7.8226430005739758],[111.00685700005056,-7.8224700006899184],[111.00740899942582,-7.8223199991685988],[111.00785899949329,-7.8222050001605794],[111.00806600004591,-7.8221039991002499],[111.00825000043722,-7.8219290000232604],[111.00845700009052,-7.8217360001162888],[111.00876900008933,-7.8215600000938821],[111.00999900015381,-7.8211479999801554],[111.01015300006094,-7.8211010005107369],[111.01016999994562,-7.8211020005568344],[111.01028300066002,-7.8210889999573396],[111.01053200045152,-7.8210599995193206],[111.01105800042643,-7.8209080006037084],[111.01143699991769,-7.8207440002353792],[111.01160000023987,-7.8199169998695766],[111.01174400058522,-7.8193809994335197],[111.01197900063045,-7.8185270005205894],[111.01211500060685,-7.8180820006837166],[111.01234299942996,-7.817613000639426],[111.01266100060474,-7.8171679999032335],[111.01306300025732,-7.8167829992359543],[111.01354299990959,-7.8164179994910228],[111.01361000030136,-7.8163860007132939],[111.01418699993019,-7.8161129998150614],[111.01470800057382,-7.8158329994932956],[111.01502200066489,-7.8156410005316843],[111.01506499994986,-7.8156150002320146],[111.01533400066364,-7.8153539998871224],[111.0154604669271,-7.8151486549863876],[111.01601700068409,-7.8142450000066788],[111.01663900058946,-7.813715999893418],[111.01806200056092,-7.8129739998501577],[111.01843700076705,-7.8127880002659253],[111.01856300028231,-7.8127240000125653],[111.01861700007453,-7.8127170005890321],[111.01889100011959,-7.8127350005198082],[111.01919100046439,-7.8128779999196922],[111.01931100060227,-7.8129240002423899],[111.01939399993319,-7.8129549998732841],[111.01963000002456,-7.8129759999424095],[111.02039400018305,-7.8130010001959818],[111.0207540005967,-7.81297300070338],[111.02119100006468,-7.8128869994354204],[111.02147200043254,-7.8127709994819838]]]},"properties":{"FID":8,"OBJECTID_1":17961,"NAMOBJ":"Ngadirojo Kidul","FCODE":"BA03070040","REMARK":"Wilayah Administrasi Kelurahan/Desa","METADATA":"TASWIL1000020221227_DATA_BATAS_DESAKELURAHAN","SRS_ID":"SRGI 2013","KDBBPS":"3312","KDCBPS":"3312150","KDCPUM":"33.12.13","KDEBPS":"3312150006","KDEPUM":"33.12.13.2006","KDPBPS":"33","KDPKAB":"33.12","KDPPUM":"33","LUASWH":0,"TIPADM":1,"WADMKC":"Ngadirojo","WADMKD":"Ngadirojo Kidul","WADMKK":"Wonogiri","WADMPR":"Jawa Tengah","WIADKC":" ","WIADKK":" ","WIADPR":" ","WIADKD":" ","UUPP":"Hasil Delineasi Batas Desa 2017","LUAS":9.0503948699999999,"SIGCODE":16362,"Shape_Leng":0.16906179171899999,"Shape_Area":0.00074198211794600005}},{"type":"Feature","id":9,"geometry":{"type":"Polygon","coordinates":[[[110.98892391140947,-7.7885774171140838],[110.9871110886059,-7.7891586390599059],[110.98694224448906,-7.7892425044379934],[110.98665600017432,-7.7893889995027052],[110.98636100006019,-7.7896629995477724],[110.98430999990666,-7.7888670006115603],[110.9833439994261,-7.7887739999201244],[110.9817823842497,-7.7885500831197874],[110.98059241930474,-7.7881284341798391],[110.97855000048219,-7.7874500000174294],[110.97753500043996,-7.7872629994877798],[110.97673600046613,-7.7876259991405163],[110.97554399945608,-7.7887539998971533],[110.97515500040299,-7.7890629988582418],[110.97482800061181,-7.7892660001257354],[110.9744380006133,-7.7894299995947449],[110.97421900040661,-7.789519000101734],[110.97391900006187,-7.789658000216491],[110.97320800054882,-7.7898189995471512],[110.97281000018143,-7.7899220006997325],[110.97184060745815,-7.7902064679540786],[110.97181730422528,-7.7902637125002911],[110.97173900025473,-7.790631000120527],[110.97116699995712,-7.7923570005750662],[110.97078400028147,-7.793065999096541],[110.97058300000549,-7.7934380000635883],[110.97039388876703,-7.7938123788381404],[110.97011900019174,-7.7941079994845381],[110.96992732318745,-7.794485337927938],[110.96996200014627,-7.79485200051937],[110.9698660002158,-7.7951809995034864],[110.96946100042487,-7.7957970000314845],[110.96902700019598,-7.796286000098803],[110.96838400022148,-7.79676199956657],[110.96767800003971,-7.7974289988491705],[110.96734499997183,-7.7977429998394996],[110.96584700013898,-7.7993710002713783],[110.96538700050974,-7.7999640006380559],[110.96505000025735,-7.8003979999676858],[110.96499489070169,-7.8005366691319296],[110.96486458343384,-7.8008645538560017],[110.96484661947596,-7.8009768252202889],[110.96483602905954,-7.8010430135242359],[110.96479702276446,-7.8010448535371211],[110.9642639999837,-7.8010699994808306],[110.96552999990962,-7.8025860001437195],[110.96632200046002,-7.8041490002760838],[110.96694100022705,-7.8051369999725466],[110.96746000077849,-7.8059290005228945],[110.96783400003915,-7.806648999551669],[110.96818900022225,-7.8070399995962703],[110.96849499994437,-7.8072539995723673],[110.96849499994437,-7.8072449991573194],[110.96857500003631,-7.8072729995492409],[110.969229000518,-7.8074769999635123],[110.96992900042306,-7.8075110006321324],[110.97050100072067,-7.8075859995941528],[110.97102200046498,-7.8076029994787746],[110.97139700067112,-7.8077050005852584],[110.97171400000116,-7.8081189998918603],[110.97192300064603,-7.8085409995674127],[110.97211800064525,-7.8089309995659164],[110.97220300006848,-7.809491000209448],[110.97213400048378,-7.8100019994926129],[110.9720070000231,-7.8106690005738528],[110.97177500011622,-7.8111999998800457],[110.97162800053184,-7.8119050000157131],[110.9713619999564,-7.8124239996678284],[110.97110700078753,-7.8128630001273223],[110.97106084668081,-7.8129355079672678],[110.97100914825364,-7.81301672394261],[110.97053500048992,-7.8137959999853592],[110.97030100049085,-7.8144699995907558],[110.97003100063023,-7.8156040006240914],[110.9698380007232,-7.816124999469082],[110.96964000058563,-7.8165120002285562],[110.96912500021864,-7.8171320000417381],[110.96877600031223,-7.8174100002712521],[110.96842300022132,-7.8178590002925716],[110.96800500073027,-7.818599000243637],[110.96801100010765,-7.819286999595306],[110.96788900077684,-7.8202119999837691],[110.96770300029328,-7.8208100005809911],[110.96739918502442,-7.8217387331559394],[110.96793400015406,-7.8216139998861536],[110.96814100070668,-7.8213550005327761],[110.96839000049818,-7.8212570005101156],[110.9692210001491,-7.8210640006030872],[110.96972800014714,-7.8209639995888551],[110.97018600058351,-7.8208100005809911],[110.97083599998149,-7.8205899994288757],[110.97143200048652,-7.8205490002360989],[110.97161800007069,-7.8204810006975549],[110.97202100066869,-7.8203269998911082],[110.97239400078257,-7.8202999995452842],[110.97275599948983,-7.8202989994991867],[110.97347100008665,-7.8203669999370504],[110.9736510002935,-7.8203849998678265],[110.97387799996977,-7.8205480001900014],[110.97408199948472,-7.8207669994973799],[110.97422799992233,-7.8208760000273401],[110.97456099999022,-7.8207150006966799],[110.97485100077313,-7.8205160005129528],[110.97513000014942,-7.8203220005598268],[110.97518800012614,-7.8202820005138847],[110.97562000026284,-7.8201000002147794],[110.97602400000767,-7.820009000514915],[110.97617100049132,-7.8200359999613624],[110.97622000005305,-7.8200449994770906],[110.97651300007493,-7.8201990002835942],[110.97676500000483,-7.8202779994300613],[110.97701500074174,-7.8202079989000026],[110.97719900023372,-7.8200169999844888],[110.97725700021044,-7.8198799999619837],[110.97728500060236,-7.8196710002164309],[110.97750200071681,-7.8194199994333644],[110.97771600069296,-7.8192580000566068],[110.97798000027683,-7.8191489995266465],[110.97901700043428,-7.818699999505327],[110.97915046971849,-7.8185983275507169],[110.97935699992564,-7.8184410001520064],[110.97960800070871,-7.8182840001064733],[110.98043899946032,-7.8178879998312709],[110.98066700008206,-7.8177900007079302],[110.98062800008222,-7.8176610001549989],[110.98052000049768,-7.8173070000179905],[110.98063700049721,-7.8171889999723021],[110.98093799998878,-7.8169700006649236],[110.98119099996472,-7.8167910005042245],[110.98129000003354,-7.8166960006199133],[110.98154800024008,-7.8164520001596429],[110.98156300003251,-7.8159779998847512],[110.98142499996385,-7.8156659998859368],[110.98136200065585,-7.8153310006251218],[110.98155099947911,-7.8153339998641513],[110.98175599993948,-7.8152540006715299],[110.98193400005414,-7.8151260001647529],[110.98195700021546,-7.8150129994503459],[110.98182100023905,-7.8147479998202698],[110.9818190001468,-7.8147440005351427],[110.98138400077107,-7.814496999936523],[110.98125400017204,-7.8143850001675901],[110.9812379994342,-7.8142270000759595],[110.98138300072497,-7.814046999869106],[110.98160300007845,-7.8139299998695719],[110.9817780000547,-7.813895000054174],[110.98192000030781,-7.813962999592718],[110.98221800056035,-7.8141410006066394],[110.98243261027682,-7.8141475368792612],[110.9826120007433,-7.8141530002607169],[110.9826360000514,-7.8141500001223676],[110.98267100076612,-7.8141469999840183],[110.98270723175341,-7.8140870448811484],[110.98270339614487,-7.8139759938969746],[110.98273411878461,-7.8138840921770907],[110.98282243670616,-7.8138343147018077],[110.98292419229767,-7.8138055975502425],[110.98303746640602,-7.8138170908860047],[110.98310274369675,-7.813830496180401],[110.98317569849974,-7.8138649635971547],[110.98327937324456,-7.8138707111643271],[110.98335424899943,-7.8138668845490429],[110.98341568528571,-7.8139013510664768],[110.98347712157198,-7.8139300736139603],[110.98355007547565,-7.8139721996572575],[110.98359807049462,-7.8140181532151587],[110.98364990921601,-7.8140085808312847],[110.98373438523373,-7.8140047551153202],[110.98385917965749,-7.8140105035818124],[110.98402237153527,-7.8140162538470008],[110.98409532723764,-7.8140239160708234],[110.98420668219268,-7.8140392369211895],[110.98427195858409,-7.814056471528886],[110.98440827062524,-7.814089026087629],[110.9844754661699,-7.8141100900086258],[110.984592579484,-7.8141311548288854],[110.98473500061982,-7.8141359994767754],[110.98481528849481,-7.8141330775794131],[110.98486328801039,-7.8140986155586347],[110.98488325565779,-7.8140240194928765],[110.98488918308936,-7.8140018745867792],[110.98489593160201,-7.8139665051500629],[110.98486521615683,-7.8138860886720067],[110.98486521795553,-7.8138305636295513],[110.98490017820075,-7.8137453159935149],[110.98492282402918,-7.8135720849836616],[110.98492474857835,-7.8134610348988076],[110.98490555344858,-7.81333849597479],[110.98487675895529,-7.8132121268381525],[110.98484975501225,-7.8131394175500191],[110.98483020644892,-7.8130517714220673],[110.9848129304724,-7.812977100712601],[110.98476397767547,-7.8128765780915614],[110.984728293476,-7.8128235441711809],[110.98469054443314,-7.8127674399653415],[110.98466174814121,-7.8127200510894568],[110.9846142324609,-7.8126784052841458],[110.98453791779076,-7.8126511189539087],[110.98444720047797,-7.8126539868919167],[110.98433200631712,-7.8126827031441621],[110.98425137040448,-7.8126941874867271],[110.98416497343482,-7.8127099804811451],[110.98404257930167,-7.8127243354596771],[110.98395618323133,-7.8127343844842017],[110.98385682793031,-7.8127401248568162],[110.98376323368637,-7.8127315048550372],[110.98365236076791,-7.8126984736555869],[110.98357460628313,-7.8126539545163496],[110.98347012844374,-7.8125418261442974],[110.98343299993309,-7.8123409994375379],[110.98341925559424,-7.8122268835637669],[110.9834192582922,-7.8121522110556612],[110.98339622215798,-7.812071794577605],[110.98341494424432,-7.8119942505342124],[110.98343798397582,-7.8119597885133771],[110.98347974399508,-7.8119210169413122],[110.98349126520981,-7.8118664505761899],[110.98350854568292,-7.8118362945093622],[110.98356902329186,-7.8118190652975841],[110.98366117862054,-7.8118133249249695],[110.98376773299452,-7.8118090216689779],[110.98387284755393,-7.8118118977008635],[110.98394774848987,-7.8118225699556092],[110.98395225948923,-7.8118206022389813],[110.98404851752514,-7.811824827253929],[110.98412771452246,-7.8117975454203474],[110.98416659401317,-7.8117458514898317],[110.98418819662805,-7.811649641117981],[110.98427891573942,-7.8115491256915561],[110.98430605727879,-7.8114912174456776],[110.9843408376596,-7.8114170152829843],[110.98445400025196,-7.8112379998337929],[110.98454963775566,-7.8111183351430213],[110.984601476477,-7.8110652049951455],[110.98474834925696,-7.8110221310664656],[110.98479730565117,-7.8110508518153097],[110.98485922127611,-7.8110795752621698],[110.98492257671558,-7.8111140408802271],[110.98502913108956,-7.8110925048151785],[110.98510976880084,-7.811052300623146],[110.98519760468577,-7.8110393791639581],[110.98527535827122,-7.811069537029482],[110.98534159244059,-7.8111097475168094],[110.98535886931643,-7.8112102674398329],[110.98534014723009,-7.8112820675133321],[110.98531041564326,-7.8113761482905488],[110.98533726220495,-7.8114314116302808],[110.98535598069401,-7.8114615676971653],[110.98538189825604,-7.8114931599812962],[110.9854481324254,-7.8115161385588863],[110.98550573040518,-7.8115348075852467],[110.9855705265586,-7.811549171556976],[110.985642521785,-7.8115620975127626],[110.98573323639982,-7.8115807674384428],[110.98578075208013,-7.8116080546679427],[110.98582394921596,-7.8116410831694338],[110.98586282510934,-7.8116942160152121],[110.98589882047423,-7.8117559652655473],[110.98593049819402,-7.8117947386362516],[110.98598521474594,-7.8118277680370056],[110.9860726072651,-7.8118017101807595],[110.98648394008183,-7.8115543534506173],[110.98693486375299,-7.8112245001105407],[110.98721205279406,-7.8110701395752358],[110.98739204310834,-7.8110378341286832],[110.98744077916871,-7.8110435529175675],[110.9875144354429,-7.8110521981004126],[110.98766202678115,-7.8111096422961168],[110.98775562012582,-7.8111527252180508],[110.9878672125019,-7.8112173487016321],[110.98791040693976,-7.8113070992432085],[110.98790680515498,-7.8113860795039045],[110.98788880342562,-7.8114830075347186],[110.9878820000543,-7.8116260006393645],[110.98792400019249,-7.8117369994628802],[110.98804499947721,-7.8117659999009561],[110.98836817355243,-7.8116373905530736],[110.98846776807312,-7.8116361971527226],[110.98857936044919,-7.8116421839395684],[110.98869300058158,-7.8116460006623356],[110.98872300016637,-7.8116350001550927],[110.9887350312967,-7.8116152132714092],[110.98874679442906,-7.811595867055587],[110.98879307623952,-7.8115197511355632],[110.98884106945985,-7.8113377166622513],[110.98885527605023,-7.8113084976889695],[110.98888599599201,-7.8112261665543201],[110.98890519651769,-7.8111725570678345],[110.98896087444484,-7.8111036312275246],[110.98900311470203,-7.8110481070844457],[110.98910678944685,-7.8110500235397353],[110.98921622255068,-7.8110883202697323],[110.9892807192299,-7.8111317152564084],[110.9893224189945,-7.8111597705069471],[110.98935061274062,-7.8111802264862149],[110.98938709014215,-7.811187886911398],[110.98944084711746,-7.8111725705576305],[110.98947924547087,-7.8111323645669017],[110.98950612620683,-7.8110768395245032],[110.98952916593834,-7.8110213144820477],[110.98954836646402,-7.8109351549334178],[110.98958000011697,-7.8107429994897757],[110.98964700050874,-7.8106400001358338],[110.98968468749837,-7.8105943496494774],[110.98975380579355,-7.8105445685769155],[110.98986707900258,-7.8105464868308445],[110.9899611534845,-7.8105905266314721],[110.99003602744079,-7.8106249922495294],[110.99026338864451,-7.810711855068007],[110.99031632993473,-7.8107188176193176],[110.99035280643693,-7.8107666840351726],[110.99042960044574,-7.810870078191499],[110.99046991615376,-7.8109524084268855],[110.99049871244569,-7.8110596309971356],[110.99052429096332,-7.8111200105799981],[110.99055116000807,-7.8111834325692939],[110.99058700068957,-7.8112170006639872],[110.99061895809848,-7.811234071595095],[110.99068154191968,-7.8112675065901271],[110.99076173176854,-7.8113487504444379],[110.99084947592263,-7.8113572184608415],[110.99096716030624,-7.8113640730934435],[110.99108043441458,-7.811364074892083],[110.99115914847596,-7.8113793939438096],[110.99124746369955,-7.8114176888751672],[110.99132425860773,-7.8114847045554257],[110.99136841352151,-7.811580438286569],[110.99141832859306,-7.8116972341400128],[110.99139912806737,-7.8117470134138784],[110.99137992844101,-7.8117948816284297],[110.99136452665164,-7.8118547836712651],[110.99134152649032,-7.8119442239467389],[110.99135304500709,-7.8120093222723312],[110.99137800299252,-7.8120552749309695],[110.99144136023062,-7.8120648491134261],[110.99148359868917,-7.8120342155065714],[110.99151815873608,-7.811955714584542],[110.99157076727715,-7.8118618334568168],[110.99159111713641,-7.8118255188325634],[110.991625676284,-7.8117814835285913],[110.99171783251199,-7.8117412775378625],[110.99180998604209,-7.8117604250035697],[110.99190022131825,-7.8117872319951402],[110.99196741776217,-7.8118121234306841],[110.99201824024965,-7.8118267670915884],[110.99205381203387,-7.8118370166649242],[110.99211524921941,-7.8118255305237767],[110.99217476725175,-7.8117738356939412],[110.99225348401114,-7.8116876761453113],[110.99230882559186,-7.8115628538425881],[110.99235716145392,-7.8114751510573228],[110.99239748165849,-7.8114157976009437],[110.99247235831274,-7.8113526139319447],[110.99252995449388,-7.8113411268914206],[110.99258947252622,-7.8113583605997974],[110.99263938849703,-7.8114004839451354],[110.99267202579341,-7.8114770711098913],[110.99267068400491,-7.8115243610603784],[110.99272001991307,-7.8116436471365773],[110.99278913551024,-7.8117106619174592],[110.99286500051943,-7.8117179994860635],[110.99294272622592,-7.8117374707076692],[110.99305408028164,-7.8117547035167263],[110.99323071072877,-7.8117815114075597],[110.99334014473197,-7.8117853425194994],[110.99345533799351,-7.8117815150048386],[110.99354897450564,-7.8117736378430891],[110.99364732796187,-7.8117566271665737],[110.99373756413735,-7.811716421175845],[110.99378364360035,-7.8116608961333895],[110.99379900312158,-7.8115709072715163],[110.99380101400567,-7.8114964155271309],[110.99380164173243,-7.8114732112196634],[110.99379708666629,-7.8114062459014804],[110.99379900761818,-7.8113258294234242],[110.99382972666064,-7.8112511596132777],[110.99390460241551,-7.8112358432595101],[110.9940313150932,-7.8112626502510807],[110.99406959923266,-7.81129735958541],[110.99411578931227,-7.8113392374158366],[110.9941791447518,-7.8114445444301168],[110.99423747477971,-7.8115496940631033],[110.99430200023716,-7.8116040005241416],[110.99432691505513,-7.8116241525325449],[110.99444792693032,-7.8116762232790506],[110.99451896347944,-7.8117068586845448],[110.99460343859789,-7.811699200957321],[110.99466500078921,-7.8117040006390539],[110.99471863275875,-7.811689628573447],[110.99475196523105,-7.8116464098538927],[110.99475987746644,-7.811584340444881],[110.99476855142757,-7.8115268836587006],[110.99481847009639,-7.8114464680799642],[110.99485302924398,-7.8113660525012847],[110.99489334854928,-7.8113047834889358],[110.9949720644093,-7.8112243697088388],[110.99505584794906,-7.8111467231427127],[110.99513717723897,-7.8110692825213164],[110.99523125351959,-7.8109831238720062],[110.995296529911,-7.8109371730120642],[110.99532916900603,-7.8108203789572599],[110.99535879447285,-7.8106798598875571],[110.9954136477217,-7.8105753029078642],[110.99553652119357,-7.8104910589152041],[110.99567475328729,-7.8105025495529503],[110.99579378665402,-7.8105791358184433],[110.99587442076796,-7.8106863574893737],[110.99597700013851,-7.8108270006654834],[110.99610864559759,-7.8109008035291936],[110.99620272007951,-7.8108912302460567],[110.99629871551338,-7.810847194042708],[110.99637935142601,-7.8107878405863289],[110.99647946755346,-7.8106172796636884],[110.99651758621769,-7.8105523378200701],[110.99675181374528,-7.8104585205442163],[110.99687084711195,-7.8104298015940117],[110.9969457237662,-7.8104010835431268],[110.99715154350901,-7.8103432382497999],[110.99715524511851,-7.8103398945704043],[110.99719231157599,-7.8103290505451923],[110.99724714593907,-7.8103130102371665],[110.99727763115783,-7.8102323608347319],[110.99727773727784,-7.810229668264526],[110.99727851699004,-7.8102097365900249],[110.99728938529694,-7.8101502635237807],[110.99733930306644,-7.8100813358848882],[110.99747177500245,-7.8100104944886652],[110.99760232868459,-7.8100200695704984],[110.99765416470802,-7.8100909118660411],[110.99770255273069,-7.8101783205730158],[110.9977559185009,-7.8102747207017273],[110.99784039272004,-7.8103398190273765],[110.99802662253069,-7.8104049182523454],[110.99821716459053,-7.8103777731157038],[110.99826852846985,-7.8103704544328707],[110.99848366878632,-7.8102582810947752],[110.99867024843326,-7.8102320424747518],[110.99882721700254,-7.8102268578831513],[110.99892705164217,-7.8101981380335701],[110.99897696941167,-7.8101502716177151],[110.99898848792844,-7.8101234655254643],[110.99898080951681,-7.8100870879487161],[110.9989692892014,-7.8100334775629108],[110.9989424111634,-7.8099626334687287],[110.99892023208309,-7.8098860705856623],[110.99891361307283,-7.8097979729980125],[110.99893857195758,-7.8096984108529455],[110.99898464962195,-7.8096409711538399],[110.99901728871697,-7.8096026780211218],[110.99909024351996,-7.809568214201704],[110.99916895848071,-7.809543323665423],[110.99927839248386,-7.8095567262618601],[110.99932639020079,-7.809579702141491],[110.99938206543004,-7.8096065082337418],[110.99944350351495,-7.8096562884069272],[110.99948011491546,-7.8097414838823056],[110.99950109969603,-7.8097903161701083],[110.99952605858078,-7.8098381825860201],[110.99956637518812,-7.8098573291523508],[110.99962973242629,-7.8098649886782141],[110.99968732860737,-7.8098534998391074],[110.99971036743955,-7.8097998885539823],[110.99972960843473,-7.8097628751565367],[110.99977756298421,-7.8096984126515849],[110.99985819799753,-7.8096869247117411],[110.9999234752882,-7.8097175592179156],[110.99996571194811,-7.8097654256338274],[110.99998683162704,-7.8098343532727199],[110.999994510938,-7.8098937085277953],[110.99998678396298,-7.8099543516119638],[111.00000000039978,-7.809994000023039],[111.00000999996161,-7.8100250005533098],[111.0000444287075,-7.8100870888480358],[111.00008282616153,-7.8101464432037346],[111.0001385022901,-7.8101866509931028],[111.00019033921285,-7.8101943105189662],[111.00024025698235,-7.810163675113472],[111.00035621646629,-7.8102194789457258],[111.0004378110562,-7.8103008514030989],[111.00041381354674,-7.8104755644956754],[111.00032981866627,-7.810671819049162],[111.00005863349918,-7.8109039709414674],[110.99995543809308,-7.8110475719877854],[111.00001543546404,-7.8112007445187146],[111.00021222511418,-7.8112390385507524],[111.00042821349132,-7.8111815979523271],[111.00057940571509,-7.8112797238800908],[111.0008169922105,-7.8113826368991113],[111.00094898570717,-7.8114137498446325],[111.00103298058764,-7.8112486100352498],[111.00111217668569,-7.8111002236963145],[111.00125616713848,-7.8109757692163271],[111.0013545610642,-7.810896789854894],[111.00155375100485,-7.8109398691795491],[111.0018153359091,-7.8108991811522515],[111.0019593272612,-7.8107220740644152],[111.00210571800454,-7.8104420530582388],[111.00221131100324,-7.8102051131754138],[111.0024080970561,-7.8097790998255618],[111.0025784853089,-7.8094536054994705],[111.00284246690637,-7.8092214527078454],[111.0031040509113,-7.8089916894148814],[111.00317364674646,-7.8089103169575083],[111.00317844462955,-7.8086901305450169],[111.00315204413158,-7.8084531915615116],[111.00330323365739,-7.8083550629357319],[111.00339989458951,-7.8081491154892433],[111.00367980767703,-7.8079787650079311],[111.0041789727814,-7.8076085914632927],[111.00474213544123,-7.8075639095467295],[111.00494692096368,-7.8074745565055537],[111.00517730209089,-7.8070341818819315],[111.00530528730923,-7.8065236025821605],[111.00540767422484,-7.8060959938350152],[111.00593879943608,-7.8057690974658271],[111.00608100023805,-7.8057860002236907],[111.0062570002604,-7.8057889994627203],[111.00633171503671,-7.8057831808490619],[111.00636471296121,-7.8057592471914745],[111.00639171060902,-7.8057233462553768],[111.00635900046757,-7.805642999924487],[111.00634970957151,-7.8054750389418359],[111.00636170742689,-7.8053703308760305],[111.00639470355281,-7.8052805794351343],[111.00646669877921,-7.8052327130192225],[111.00657373968642,-7.8052096660931625],[111.00670003058201,-7.8051269545452442],[111.006829344099,-7.8050478402855674],[111.00698560759974,-7.8049522360568062],[111.00702400415452,-7.804933088591099],[111.00707439946405,-7.8049091549335117],[111.00713679442759,-7.8048660747095369],[111.00722318869924,-7.8048205995909257],[111.00728798305403,-7.8047607649972406],[111.00733357868177,-7.8046865709284816],[111.00733597717368,-7.804600410480532],[111.00735400048677,-7.8044719998828214],[111.00738800025607,-7.8042740006445683],[111.00741516247984,-7.8041265298154485],[111.0074607590069,-7.8040762685049572],[111.00752555246231,-7.8040236149977886],[111.00760474766105,-7.8040068606280784],[111.00767194230633,-7.8039901062583681],[111.00776073596927,-7.8039901035604089],[111.00781353246862,-7.8040140354193568],[111.00782553212269,-7.8040595096385914],[111.00782800076166,-7.8041019999073455],[111.00798898750185,-7.8041364475389514],[111.00805700053019,-7.8041509994690159],[111.00813300043768,-7.8041060000917923],[111.0083630002523,-7.803697000116415],[111.00863100002067,-7.8034270002557946],[111.00867500025112,-7.8033870002098524],[111.00890000073451,-7.8031050006951546],[111.00896899941984,-7.8029129999349607],[111.00892700018096,-7.8027359989671368],[111.00879499948968,-7.8022879998912344],[111.00874599992801,-7.8022599994993129],[111.0085870006896,-7.8021160000533314],[111.00855400006714,-7.801998000007643],[111.00854099946758,-7.8015740002398957],[111.00855400006714,-7.8011600000339172],[111.00840000015995,-7.8006519999897819],[111.00824100002217,-7.800311999599046],[111.00816137944418,-7.8001563979993307],[111.0077009967037,-7.8004911058797575],[111.00746192542755,-7.8007139425943137],[111.00737553025658,-7.8006421434201343],[111.00715954547672,-7.8004889744865409],[111.00701075804011,-7.8005512039748623],[111.00664598942092,-7.8007713966825918],[111.00621402975372,-7.8009915884909447],[111.00576286416492,-7.8010011689687531],[111.00536449507547,-7.8009724545150902],[111.0053405713104,-7.8007829862457925],[111.00499972016104,-7.8006756845351788],[111.00482213373454,-7.8005608078349837],[111.00462055069789,-7.8005608105329429],[111.00436137058085,-7.8006134658387509],[111.00409259020091,-7.8004267890649999],[111.00378061178588,-7.8000151396868773],[111.00340144142342,-7.7997662352235579],[111.00317585817936,-7.7996561438159233],[111.00291188017917,-7.79967529308027],[111.00258550631611,-7.7995891344309598],[111.00235992307205,-7.7993067230268025],[111.002119941682,-7.7989620848322829],[111.00201434958262,-7.7988711390917729],[111.00192014020234,-7.7988728729846457],[111.00177900060044,-7.7989829994658066],[111.00154999993259,-7.7990880007106398],[111.00133800004875,-7.7990880007106398],[111.00122100004916,-7.7990640005031651],[111.0011109994731,-7.7990250005033204],[111.00098600000393,-7.7989629985435158],[111.00071199995887,-7.798960000203806],[111.00039100044438,-7.7991499999724851],[111.00001568907288,-7.7994600394492295],[111.00000000039978,-7.7994729995792227],[110.99991900026174,-7.7995410000170864],[110.9995970007011,-7.7997770001084064],[110.99950700014801,-7.7998429995547554],[110.99903700005757,-7.800201999922308],[110.9989810001731,-7.8002621996407697],[110.99891699991969,-7.8003309995759196],[110.99888200010429,-7.8003689995296668],[110.99884600024279,-7.8005290006128689],[110.99886700031186,-7.8006889998973747],[110.99883000040427,-7.8007579994820162],[110.99861600042811,-7.8007879999661895],[110.99802300006144,-7.8005279996673949],[110.99777100013159,-7.8004519988606376],[110.99767899948631,-7.8004700005899963],[110.99762999992464,-7.8005529999209671],[110.99762400054726,-7.8006839996668305],[110.99755948678097,-7.8007804006948618],[110.99753700013252,-7.8008140002658592],[110.99697000006552,-7.80088599998885],[110.99672600050457,-7.800926000034849],[110.99655500071276,-7.800997000611062],[110.99646400011358,-7.8010009998961891],[110.99586124480066,-7.8010320858620048],[110.99566899942482,-7.8010419999882856],[110.99513100069521,-7.8011630001722665],[110.99495899995793,-7.801191000564188],[110.9948943494947,-7.8011925294116509],[110.99479000025838,-7.8011949998493151],[110.99464100058179,-7.8012820002640524],[110.99448900076681,-7.8015440006550421],[110.99438400042135,-7.8017640000085748],[110.99326600012586,-7.8023530001907488],[110.99306600079535,-7.8024339994294678],[110.99297459909855,-7.8026094679525499],[110.99290400051927,-7.8027450002815044],[110.99285500005828,-7.8028249994741259],[110.99238800010619,-7.8028200001428445],[110.99220000042976,-7.8028159999583977],[110.99198482593903,-7.8029407709997258],[110.99191200063837,-7.8029829995657565],[110.99175800073124,-7.8031839998416785],[110.99168800020112,-7.8032960005099881],[110.99131299999499,-7.8032429998644943],[110.99116399941909,-7.8032349994956007],[110.99096099995023,-7.8032889992878154],[110.9907450007812,-7.8032680001180665],[110.99052400048231,-7.8032439999106487],[110.99028883226384,-7.8032172675627862],[110.98996100059975,-7.8031800005565515],[110.989945999908,-7.8031779995649799],[110.98965200073928,-7.8031830006949008],[110.98952300018635,-7.8032220006947455],[110.98921370804624,-7.8033608946894901],[110.98894012348796,-7.8035044858432911],[110.98879612224329,-7.8039879361942326],[110.98868093707563,-7.8037294530517443],[110.98852256106738,-7.8032747162550891],[110.98846977356123,-7.8029923021529726],[110.98844578324633,-7.8026811682013317],[110.98843139769093,-7.8021833556773004],[110.98849016119203,-7.8016799511687509],[110.98840529306989,-7.8014523381548315],[110.98828743241916,-7.8013265391883806],[110.98805225430817,-7.8012164396868684],[110.98785067307017,-7.801072833244632],[110.98776428779172,-7.8008478579422444],[110.98772109695113,-7.8006372439136271],[110.98750511846652,-7.8005032116538473],[110.98744272799956,-7.8003213165754346],[110.98754352671244,-7.800110706144153],[110.98778831857612,-7.7997277802128337],[110.98802351107622,-7.7992778395006326],[110.98811951730193,-7.7987848185644566],[110.98830672377636,-7.7980237430012949],[110.98869068842458,-7.797657960846152],[110.98849393025074,-7.7971765096881427],[110.98851313527302,-7.796918031042253],[110.98843635115674,-7.796597322008779],[110.98845075649729,-7.7963675632124136],[110.98860434721291,-7.7962048200963068],[110.98864755244267,-7.795817102577189],[110.98861396816017,-7.7953480072047228],[110.98858518445877,-7.7948358334069212],[110.98854680768909,-7.7941896336446348],[110.9886428049216,-7.7938976498566035],[110.98851802308837,-7.7936535270885656],[110.98833565316789,-7.793227509242115],[110.98832126221652,-7.7929546684231354],[110.98832127570637,-7.7924855748493655],[110.98835488427056,-7.7920116968822413],[110.98839328712057,-7.7917819389852525],[110.98864287147143,-7.791451665661782],[110.9886812725228,-7.7912984931309097],[110.98852289291722,-7.7910974496875269],[110.98853730725097,-7.7904943301491585],[110.9887149107646,-7.7896949614532787],[110.98892391140947,-7.7885774171140838]]]},"properties":{"FID":9,"OBJECTID_1":17962,"NAMOBJ":"Ngadirojo Lor","FCODE":"BA03070040","REMARK":"Wilayah Administrasi Kelurahan/Desa","METADATA":"TASWIL1000020221227_DATA_BATAS_DESAKELURAHAN","SRS_ID":"SRGI 2013","KDBBPS":"3312","KDCBPS":"3312150","KDCPUM":"33.12.13","KDEBPS":"3312150008","KDEPUM":"33.12.13.2007","KDPBPS":"33","KDPKAB":"33.12","KDPPUM":"33","LUASWH":0,"TIPADM":1,"WADMKC":"Ngadirojo","WADMKD":"Ngadirojo Lor","WADMKK":"Wonogiri","WADMPR":"Jawa Tengah","WIADKC":" ","WIADKK":" ","WIADPR":" ","WIADKD":" ","UUPP":"Hasil Delineasi Batas Desa 2017","LUAS":8.7814077800000003,"SIGCODE":16363,"Shape_Leng":0.16846812116900001,"Shape_Area":0.00071990035495199996}},{"type":"Feature","id":10,"geometry":{"type":"Polygon","coordinates":[[[111.00458700058965,-7.8372300005640341],[111.00458226026313,-7.8372055084274166],[111.00455100072816,-7.837044000080482],[111.00442300022132,-7.8366830005199972],[111.00416200077575,-7.8365349999901923],[111.00407600040717,-7.8364890005668713],[111.00396624624534,-7.836425693690785],[111.00362293994681,-7.8362276746673842],[111.00343800066327,-7.8361210006835904],[111.00331100020259,-7.8360769995538249],[111.00320000047969,-7.8359479999002133],[111.00317799946515,-7.8357349999702137],[111.0031930001569,-7.8355759998324856],[111.00326699997214,-7.835332000271535],[111.00336300080193,-7.8351520000646815],[111.00350099997121,-7.8349929990276337],[111.00363900003987,-7.8348659994662739],[111.00388400054624,-7.8346860001587402],[111.00419500049895,-7.8345039998596349],[111.00434300012944,-7.8344400005055945],[111.00442400026748,-7.8343320000217318],[111.00449800008272,-7.8341110006221584],[111.00445599994453,-7.8339979999076945],[111.00439500072878,-7.8337800006464704],[111.00452800056684,-7.8336069998630933],[111.00486000058862,-7.8332759998874621],[111.00500400003466,-7.8331609999801231],[111.00531000065604,-7.8328949994046297],[111.0057129994554,-7.8326929999819299],[111.00577768948887,-7.8325978139379231],[111.00585300051563,-7.8324869994754067],[111.00582099993926,-7.8323650001445912],[111.00572600005489,-7.8322439999606104],[111.00569670553858,-7.8322261834915139],[111.00555500026309,-7.8321400005605142],[111.00537299996404,-7.8319979994080882],[111.00530299943392,-7.8318639995239323],[111.00532299945689,-7.8317649994551175],[111.00543199998685,-7.8316630001472731],[111.00568592716388,-7.8314433164558181],[111.00579257866463,-7.8313510487118947],[111.00586754345244,-7.8312962449257384],[111.00591254193034,-7.8312453855660351],[111.00593654123844,-7.8311915359605564],[111.00595154013155,-7.8311257190766241],[111.00595753950893,-7.8310389605795194],[111.00596815240834,-7.8309069419017874],[111.00597253570402,-7.8307876621208834],[111.00598453445878,-7.8307278275271983],[111.0060175332826,-7.8306470531189802],[111.00612553196777,-7.8306051680939959],[111.00617953265936,-7.8306350840418304],[111.00624553210571,-7.8307038911715949],[111.00633306042243,-7.8307618560747301],[111.00642700000611,-7.8307719995281104],[111.00658333005669,-7.8307323070503116],[111.00662832943391,-7.8307143565822344],[111.00669132874191,-7.83067247155725],[111.00671232701234,-7.8306186219517713],[111.00673332618214,-7.8305498130234241],[111.00676934672805,-7.830403357528894],[111.00677647115725,-7.8303946170179302],[111.00680231947155,-7.8302356879266313],[111.00685031808774,-7.8301638869537555],[111.00688331691163,-7.8301100364489571],[111.0069253161505,-7.8300442195650248],[111.00696731449005,-7.8299903690602264],[111.007030313798,-7.8299395105998997],[111.00714131172219,-7.8298796751068949],[111.0072373089547,-7.8298407821263254],[111.00734470419479,-7.8297972054766092],[111.00750324298036,-7.8296517095586751],[111.00790500071525,-7.8292830001103084],[111.00793794468046,-7.8292427095833546],[111.00795908774177,-7.8290599466591857],[111.00797708677322,-7.8290090872994824],[111.00804608455923,-7.8289522438509493],[111.0080820835214,-7.8289133526690193],[111.00814808116905,-7.8288714685434115],[111.00827407798636,-7.8287936825823294],[111.0083640767408,-7.8287697471261026],[111.0084570756336,-7.8287817126059167],[111.00852607521824,-7.8288086356100166],[111.00857407563313,-7.8288385515578511],[111.00864007507948,-7.828901374598729],[111.00871507673946,-7.8289641985388698],[111.00876007701601,-7.8290389879588815],[111.00882907660065,-7.8290599286727343],[111.00891007673869,-7.82906291801919],[111.00904699941952,-7.8290580005262314],[111.00931125171297,-7.8288870142242786],[111.00934373162795,-7.8288219419790153],[111.00938471103564,-7.8287398428694246],[111.00938406262446,-7.8286949334244014],[111.00938705916553,-7.8285633005558566],[111.00939605598325,-7.8284436340663888],[111.00942305453043,-7.8283688419484747],[111.00949205141711,-7.8282940489311841],[111.0095550480271,-7.8281983152000407],[111.00968449194579,-7.8280830194157716],[111.00981259947196,-7.8279689134345745],[111.00987900001587,-7.8279119998388751],[111.01009592998327,-7.8277615198782087],[111.01018292769999,-7.8277076675747708],[111.01027892493249,-7.827656806416428],[111.01042292168057,-7.8276029541129901],[111.01056991856694,-7.8275550840997994],[111.01072291393137,-7.8275251636553094],[111.01090992795088,-7.8275211185047624],[111.01101916949915,-7.827490480401309],[111.01115919843829,-7.827451211504183],[111.01121700056416,-7.827434999425634],[111.01135899991795,-7.8273069998181199],[111.01139899996394,-7.8271719998878098],[111.01139200054047,-7.8269710005112074],[111.01132099996425,-7.8265969985525885],[111.0113260001948,-7.8263950000292084],[111.01139799991785,-7.8261830001453063],[111.01146400026346,-7.8261650002145302],[111.01165500007824,-7.8261869994304334],[111.01190200067686,-7.8263129998450154],[111.01222699947652,-7.8264460005823935],[111.01247700021344,-7.8265059988527241],[111.01292500018866,-7.826682999820548],[111.01316700055668,-7.8266040006740241],[111.0132590003027,-7.8265070006974611],[111.01329400011809,-7.8263539999371119],[111.01330100044089,-7.8263259995451904],[111.01327800027957,-7.8260409998922],[111.01319500004928,-7.8258730002387438],[111.01299699991165,-7.8254450002864928],[111.0130390000499,-7.8253280002869587],[111.01317000069503,-7.8252119994342024],[111.01364099993225,-7.824828000611717],[111.01378300018536,-7.8242800005215827],[111.01386000013895,-7.8238419992088666],[111.0138680005079,-7.8235549985643047],[111.0137920006004,-7.8232679988190625],[111.01355700055518,-7.8228900002732189],[111.01332200050996,-7.8227159994437443],[111.01296600028076,-7.8225429995597437],[111.01213800076818,-7.8223569999755114],[111.01212287776866,-7.8223541752049641],[111.0116850140522,-7.8222723935560907],[111.01153300074742,-7.8222440001604241],[111.01134500017167,-7.8220609998152213],[111.01102700079554,-7.8217499998625613],[111.01089800024261,-7.8216349999552222],[111.01039700052121,-7.8211869999800001],[111.01034300072894,-7.8211389995651075],[111.01030500077525,-7.8211050006951837],[111.01028300066002,-7.8210889999573396],[111.01016999994562,-7.8211020005568344],[111.01015300006094,-7.8211010005107369],[111.00999900015381,-7.8211479999801554],[111.00876900008933,-7.8215600000938821],[111.00845700009052,-7.8217360001162888],[111.00825000043722,-7.8219290000232604],[111.00806600004591,-7.8221039991002499],[111.00785899949329,-7.8222050001605794],[111.00740899942582,-7.8223199991685988],[111.00685700005056,-7.8224700006899184],[111.00653000025937,-7.8226430005739758],[111.00623800028353,-7.8228429999044806],[111.0060500006071,-7.8230679994885577],[111.00577199947827,-7.8233280006866153],[111.00520300021833,-7.8237389998549247],[111.00479000005851,-7.8240999994154095],[111.00448700047474,-7.8244870001748836],[111.00365699997064,-7.8258949994545901],[111.0035850002476,-7.8260160005379475],[111.00349999992511,-7.8263339990148211],[111.00350200001736,-7.8265260006743347],[111.00340200080177,-7.8266359985524332],[111.00314200050298,-7.8267609998202374],[111.00299000068804,-7.8268989998888969],[111.00289599995051,-7.8270130006494014],[111.00267099946711,-7.8269949989200427],[111.00232700069057,-7.8271069995882954],[111.00070199949772,-7.8273540001869151],[111.00011100012262,-7.827334000163944],[111.00000000039978,-7.8273160002331679],[110.99983300079242,-7.8272889998874007],[110.99956400007858,-7.8273240006021183],[110.99948399998669,-7.8273950002790116],[110.99946100072464,-7.827657999816779],[110.99946500000982,-7.8279719999078452],[110.9994200006326,-7.8280930000918261],[110.9992289999185,-7.8282379995839619],[110.99900000014992,-7.8283650000446414],[110.99881400056574,-7.828451999560059],[110.99868700010501,-7.8286030002282132],[110.9986149994827,-7.8287009984522911],[110.99802200001534,-7.82887999951231],[110.99774799997027,-7.8289690000192991],[110.99737000052517,-7.8291149995575324],[110.99720300001849,-7.8291680002030262],[110.99716600011089,-7.8292070002028709],[110.99710900018027,-7.8292670002717841],[110.99702699999614,-7.8295109998327348],[110.99698500075726,-7.8297859999238995],[110.99696900001942,-7.8299370005920537],[110.99682300048113,-7.8299719995081318],[110.99655200057441,-7.8301530006604025],[110.99635800062129,-7.8302939999680916],[110.99623000011445,-7.8303680006826539],[110.99621000009148,-7.8303799994373549],[110.99594700055371,-7.8307850001276051],[110.99586000013898,-7.8308759998274695],[110.99544699997915,-7.831247999895254],[110.9952609994956,-7.8313900001483603],[110.99496200009628,-7.8315190007012916],[110.99456200053595,-7.8317700005850384],[110.99414200005333,-7.8321010005606695],[110.99363100077011,-7.8324740006745515],[110.993529000563,-7.8325510006281434],[110.99335000040224,-7.8327879998662411],[110.99328900028718,-7.8331009999111529],[110.99338799945667,-7.8333669995873265],[110.99344400024046,-7.8335009994714824],[110.99342500026358,-7.8337089991709377],[110.99328199996438,-7.8338500002772662],[110.99316100067972,-7.8339080002539845],[110.9926310005203,-7.8339209999541595],[110.99244500003681,-7.833942000023228],[110.99215899943835,-7.8340579999766646],[110.99194700045376,-7.8340689995846446],[110.99174099994724,-7.8339719996080248],[110.99160700006308,-7.8339699995158298],[110.99130400047932,-7.8340139988468991],[110.99115500080268,-7.8340010000460438],[110.99086100073464,-7.8338399998160639],[110.99074900006639,-7.83377200027752],[110.99039499992938,-7.8338970006460045],[110.99011500050693,-7.8339799999769753],[110.98988500069231,-7.8339179998158102],[110.98939800071724,-7.8335730000938497],[110.98928500000278,-7.8334980002324528],[110.98882499947422,-7.8334809994485113],[110.98887000065008,-7.8334119998638698],[110.98894600055752,-7.8332130005794625],[110.98891900021175,-7.8330139994964156],[110.98881700000459,-7.8328120000737158],[110.98873500071977,-7.8325659995211936],[110.98859700065111,-7.8323689994297183],[110.9883130001449,-7.8321890001221846],[110.98858099991327,-7.8314719994331767],[110.9887030001434,-7.8310639995039537],[110.98878700041979,-7.8307280001969843],[110.98895400002715,-7.8301130006144604],[110.98897400005012,-7.8300080002689469],[110.98909500023416,-7.8293869995103478],[110.98887200074228,-7.82939699997155],[110.98840900007536,-7.8294790001556862],[110.98750000042475,-7.8295210002938802],[110.98641600079787,-7.8295419994636859],[110.98624000077547,-7.8295450005012981],[110.98605400029192,-7.8295550000631806],[110.98529100017959,-7.8295940000630253],[110.98465000029734,-7.8296160001781914],[110.98427099990676,-7.8295690007087728],[110.98409300069147,-7.8295499998325795],[110.98356700071656,-7.8292999999949302],[110.98330100014113,-7.8292950006637057],[110.98304500002678,-7.8292330005025406],[110.98272200042004,-7.8291909994650268],[110.98227500049092,-7.8292420000182119],[110.98155600060898,-7.8294190000867161],[110.98154466645326,-7.8294226144620325],[110.9813930002868,-7.8294710006861123],[110.98118999991863,-7.8296160001781914],[110.9809740007496,-7.8297710001315295],[110.98084200005832,-7.8297990005233942],[110.980756000589,-7.8297640007079963],[110.98062800008222,-7.8297279999471812],[110.98038200042902,-7.8298310002004428],[110.98008700031488,-7.8299609999001518],[110.97989299946244,-7.8299399998310832],[110.9797260007544,-7.8298319984479008],[110.97948399948706,-7.8297110000625594],[110.97922999946496,-7.8296720000627147],[110.97882300048116,-7.8296940001779376],[110.97777600076188,-7.8297530002007534],[110.97748599997897,-7.8297210005237048],[110.97628800049091,-7.8303799994373549],[110.97597900063045,-7.8304320000367511],[110.97591399943161,-7.830443000543994],[110.97566099945561,-7.8305240006820327],[110.97544500028658,-7.8306590006123429],[110.97517800056431,-7.8308689995046734],[110.97457800077416,-7.8310490006108466],[110.97420000042973,-7.8313129992954487],[110.97401900017678,-7.8314780006091951],[110.97386900045404,-7.8316140005856028],[110.97369000029335,-7.8317959999853883],[110.9725330737424,-7.8328011911220301],[110.97228346510991,-7.8329256276155661],[110.97205306060033,-7.8330213451588975],[110.97188025676849,-7.8330835602580464],[110.97165465643729,-7.8330787596769937],[110.97142905970338,-7.8330500236396574],[110.9711986614891,-7.8330212885016408],[110.97092986672004,-7.8329734031999578],[110.97071866993076,-7.8329303085868105],[110.97049786658334,-7.8329877329974238],[110.97032300060607,-7.8330490002111333],[110.96996200014627,-7.8330680001880069],[110.96965100019355,-7.8330590006722787],[110.96918400024146,-7.8330560005339294],[110.96844300024435,-7.8330500002572876],[110.96824000077549,-7.8330349995655411],[110.9680100000615,-7.8329039998196777],[110.96743500052492,-7.8328130001198133],[110.96724699994917,-7.8327699999355218],[110.96707900029571,-7.8325859995442215],[110.96691800006573,-7.8326429994747855],[110.96636200050597,-7.832433000582455],[110.96613100064525,-7.8323480002599695],[110.96563200011678,-7.8322959996606301],[110.96532300025632,-7.8322770005830762],[110.96515800074121,-7.8322280001220861],[110.96500934640426,-7.831958506579781],[110.9650110002575,-7.8319950001690586],[110.96500100069568,-7.8324299995447859],[110.96514200000337,-7.833753999447481],[110.96510099991127,-7.8345069999979842],[110.96506800018813,-7.8351029996036914],[110.96509099945013,-7.8358480006846207],[110.96494800005024,-7.836531999851843],[110.96474500058139,-7.8374189984879195],[110.96455200067436,-7.8382619995915661],[110.96433700065211,-7.838872999888963],[110.96416400076811,-7.8394319995870774],[110.9641600005836,-7.8394319995870774],[110.96388900067689,-7.8400970005760655],[110.96354099991726,-7.8405209994445499],[110.96337100017161,-7.8410740006645483],[110.96316300047215,-7.841738999854897],[110.96310600054153,-7.8425329995982338],[110.96301800008069,-7.8430150002420191],[110.9629410001271,-7.8439039998696671],[110.96296700042677,-7.8446340002588499],[110.9629810001731,-7.8451880006256829],[110.96399600021527,-7.8460450005762823],[110.96467299995902,-7.8463770005980678],[110.96540500044046,-7.8463890002520884],[110.9658400007155,-7.8463780006441652],[110.96619200076032,-7.8464769989143406],[110.96678300013542,-7.8467770001583972],[110.96721100008767,-7.847070000180338],[110.96742007447693,-7.8472330508645314],[110.96752899946381,-7.8473179999257354],[110.9677827944405,-7.8476796164210896],[110.96782443395051,-7.8484886339432478],[110.96788392140593,-7.8492976505660863],[110.96790800075371,-7.8501510001684665],[110.96789261425283,-7.8502618389126724],[110.96780000026985,-7.8509290000732221],[110.96776558501381,-7.8511326479533068],[110.96774732517895,-7.851215974637455],[110.96760241741771,-7.8518772245542436],[110.96758291561912,-7.8519662169672984],[110.96754359815861,-7.8521456272188743],[110.96753283147507,-7.8522810624210706],[110.96886812416466,-7.8541910111062521],[110.96931612593852,-7.8544622880041288],[110.97051619656526,-7.854286863547884],[110.97204693711649,-7.8542805844813302],[110.97273176545866,-7.8543508350229558],[110.97355100377587,-7.8543700328506816],[110.97428704491125,-7.8542871108614349],[110.97511910126559,-7.8540127259065002],[110.97591274667599,-7.8538787476060747],[110.9765271814843,-7.8537766655606447],[110.97740404655957,-7.8533299606091305],[110.97809685368691,-7.8528418391794617],[110.97845373255376,-7.8525832975810772],[110.97915137263777,-7.8524237785345008],[110.98017542975236,-7.8521493935796229],[110.98102668303505,-7.8517537359460903],[110.98182673521569,-7.8513389290482678],[110.98256917952409,-7.8510134679971202],[110.98328602642903,-7.8505539791827346],[110.98378772942021,-7.8504822060888841],[110.98463648708429,-7.8503561822919323],[110.98575013106375,-7.8503306919078568],[110.98647976273094,-7.8502541299241102],[110.98708779166833,-7.850062683146291],[110.98774702800301,-7.8496670075263069],[110.98813745248151,-7.8493223792243612],[110.98842547295726,-7.8489394550917382],[110.98884011977577,-7.8486619189123985],[110.98935912122653,-7.8483204058620117],[110.98982953860241,-7.848325204644425],[110.99000713312273,-7.8487751534505037],[110.98981510898017,-7.8494883598998513],[110.98975748941666,-7.8502015690471012],[110.98987268447689,-7.8506227971043359],[110.99007908698036,-7.8508046948807078],[110.99033124878815,-7.8508351585156788],[110.9905159074832,-7.8506515322423525],[110.99056871927104,-7.8502686009151716],[110.99058792249468,-7.8501345758499497],[110.99028551556415,-7.849962249558132],[110.99026152165197,-7.8497037700129226],[110.99041033157158,-7.8494788001065103],[110.9907367441055,-7.8494453012596068],[110.99082315366564,-7.8491868235130369],[110.99090476264473,-7.8488565465922875],[110.99106095060245,-7.8485508769213652],[110.99155759130986,-7.8485454279290821],[110.99196080774516,-7.8484640635656433],[110.99237362354393,-7.8483779112115712],[110.99292084392187,-7.8482391080483467],[110.99329526046796,-7.848014142638533],[110.993559274441,-7.8477078002746907],[110.9937992873073,-7.8473440182117997],[110.993861196637,-7.8471412336809294],[110.99386642349668,-7.847137245187696],[110.9939900002384,-7.8470429998345139],[110.99417700076805,-7.8468009994664953],[110.99454600069743,-7.8462459999528846],[110.99468499991286,-7.8459509998387489],[110.99470599998199,-7.845751000508244],[110.99466599993599,-7.845559000647313],[110.99453400014403,-7.8452930000718766],[110.99434100023706,-7.8448409990128312],[110.99435800012168,-7.8446579995670049],[110.9945660007204,-7.8437440005851045],[110.9947710002815,-7.8433599999639796],[110.99590600046162,-7.8421050005453026],[110.99629800055237,-7.8416200006624308],[110.99678500052744,-7.8412580001565289],[110.99732200011027,-7.8407759995127435],[110.99750579905344,-7.840595222291654],[110.99752508771269,-7.8405762519923883],[110.99799099948513,-7.8401179988464946],[110.99832100031398,-7.8397950001390768],[110.99883600068097,-7.8393599998640298],[110.99892300019638,-7.8392939995184179],[110.99933400026396,-7.8389460005574279],[111.00000000039978,-7.8386309995209444],[111.00044699942953,-7.8387489995666328],[111.00092400074209,-7.8390079998192732],[111.00135800007172,-7.8392249999337764],[111.00170500078519,-7.8393109994030397],[111.0020530006455,-7.839353999587388],[111.00242100052878,-7.839286000048844],[111.00287300068851,-7.8391710001415049],[111.00334399992573,-7.8388539999121463],[111.00385000077699,-7.8384580005362636],[111.0041990006834,-7.8381219994306548],[111.00449700003657,-7.8378129995702466],[111.00459100077416,-7.8376539994324617],[111.0046260005895,-7.8375300000094512],[111.00460251659291,-7.837349354988703],[111.00458700058965,-7.8372300005640341]]]},"properties":{"FID":10,"OBJECTID_1":18140,"NAMOBJ":"Pondok","FCODE":"BA03070040","REMARK":"Wilayah Administrasi Kelurahan/Desa","METADATA":"TASWIL1000020221227_DATA_BATAS_DESAKELURAHAN","SRS_ID":"SRGI 2013","KDBBPS":"3312","KDCBPS":"3312150","KDCPUM":"33.12.13","KDEBPS":"3312150005","KDEPUM":"33.12.13.2004","KDPBPS":"33","KDPKAB":"33.12","KDPPUM":"33","LUASWH":0,"TIPADM":1,"WADMKC":"Ngadirojo","WADMKD":"Pondok","WADMKK":"Wonogiri","WADMPR":"Jawa Tengah","WIADKC":" ","WIADKK":" ","WIADPR":" ","WIADKD":" ","UUPP":"Hasil Delineasi Batas Desa 2017","LUAS":9.3734412000000003,"SIGCODE":16541,"Shape_Leng":0.16113769982699999,"Shape_Area":0.00076849870818699998}}]}